Measurement,Well,Group,Time,OCR,ECAR,PPR,Cell Number
1,A01,Background,1.35,0.00,0.00,0.00,
1,A02,L_T40 (1.0) ,1.35,15.48,13.74,24.44,2
1,A03,L_T40 (0.25) ,1.35,10.92,12.15,21.60,2
1,A04,L_T40 (0.25) ,1.35,-46.22,10.00,17.79,2
1,A05,L_T40 (0.5) ,1.35,7.97,12.92,22.99,2
1,A06,L_T40 (0.5) ,1.35,5.61,11.77,20.94,2
1,A07,L_T40 (0.75) ,1.35,10.48,10.17,18.09,2
1,A08,L_T40 (0.75) ,1.35,5.74,12.14,21.59,2
1,A09,L_T40 (2.0) ,1.35,-32.42,10.61,18.87,2
1,A10,L_T40 (2.0) ,1.35,-21.60,7.70,13.70,2
1,A11,L_T40 (4.0) ,1.35,12.67,11.43,20.33,2
1,A12,Background,1.35,0.00,0.00,0.00,
1,B01,L_T40 (1.0) ,1.35,91.55,90.85,161.56,2
1,B02,L_T40 (1.0) ,1.35,13.83,11.52,20.48,2
1,B03,L_T40 (0.25) ,1.35,15.68,11.49,20.43,2
1,B04,L_T40 (0.25) ,1.35,87.13,111.99,199.17,2
1,B05,L_T40 (0.5) ,1.35,11.18,9.54,16.96,2
1,B06,L_T40 (0.5) ,1.35,84.13,97.76,173.85,2
1,B07,L_T40 (0.75) ,1.35,14.59,10.95,19.47,2
1,B08,L_T40 (0.75) ,1.35,77.73,109.19,194.18,2
1,B09,L_T40 (2.0) ,1.35,5.94,9.95,17.70,2
1,B10,L_T40 (2.0) ,1.35,79.06,110.51,196.53,2
1,B11,L_T40 (4.0) ,1.35,13.77,8.00,14.22,2
1,B12,L_T40 (4.0) ,1.35,54.45,93.23,165.80,2
1,C01,L_T40 (1.0) ,1.35,58.70,88.58,157.52,2
1,C02,L_T40 (1.0) ,1.35,80.40,92.98,165.35,2
1,C03,L_T40 (0.25) ,1.35,74.87,84.32,149.96,2
1,C04,L_T40 (0.25) ,1.35,77.89,109.78,195.23,2
1,C05,L_T40 (0.5) ,1.35,75.96,88.93,158.15,2
1,C06,L_T40 (0.5) ,1.35,76.82,108.00,192.07,2
1,C07,L_T40 (0.75) ,1.35,81.18,106.15,188.78,2
1,C08,L_T40 (0.75) ,1.35,75.88,101.86,181.14,2
1,C09,L_T40 (2.0) ,1.35,76.55,97.55,173.48,2
1,C10,L_T40 (2.0) ,1.35,71.92,116.07,206.42,2
1,C11,L_T40 (4.0) ,1.35,81.16,103.40,183.89,2
1,C12,L_T40 (4.0) ,1.35,69.43,99.37,176.72,2
1,D01,L_T40 (1.0) ,1.35,117.94,111.09,197.56,2
1,D02,L_T40 (1.0) ,1.35,111.43,116.90,207.90,2
1,D03,L_T40 (0.25) ,1.35,124.41,143.73,255.60,2
1,D04,L_T40 (0.25) ,1.35,115.45,133.17,236.83,2
1,D05,L_T40 (0.5) ,1.35,119.07,136.36,242.50,2
1,D06,L_T40 (0.5) ,1.35,107.59,138.27,245.89,2
1,D07,L_T40 (0.75) ,1.35,118.79,140.07,249.09,2
1,D08,L_T40 (0.75) ,1.35,113.46,136.13,242.10,2
1,D09,L_T40 (2.0) ,1.35,124.58,108.22,192.47,2
1,D10,L_T40 (2.0) ,1.35,117.44,135.35,240.71,2
1,D11,L_T40 (4.0) ,1.35,125.48,134.84,239.80,2
1,D12,L_T40 (4.0) ,1.35,121.66,128.02,227.68,2
1,E01,L_T40 (1.0) ,1.35,10.19,7.62,13.55,2
1,E02,L_T40 (1.0) ,1.35,12.41,8.14,14.48,2
1,E03,L_T40 (0.25) ,1.35,9.08,8.16,14.51,2
1,E04,L_T40 (0.25) ,1.35,11.25,6.98,12.41,2
1,E05,L_T40 (0.5) ,1.35,7.17,6.63,11.79,2
1,E06,L_T40 (0.5) ,1.35,4.82,5.99,10.66,2
1,E07,L_T40 (0.75) ,1.35,2.01,8.46,15.05,2
1,E08,L_T40 (0.75) ,1.35,-5.87,7.22,12.84,2
1,E09,L_T40 (2.0) ,1.35,7.22,4.79,8.52,2
1,E10,L_T40 (2.0) ,1.35,0.77,7.50,13.34,2
1,E11,L_T40 (4.0) ,1.35,9.87,4.50,8.00,2
1,E12,L_T40 (4.0) ,1.35,9.00,6.04,10.74,2
1,F01,L_T40 (1.0) ,1.35,64.02,65.32,116.16,2
1,F02,L_T40 (1.0) ,1.35,65.01,72.51,128.95,2
1,F03,L_T40 (0.25) ,1.35,61.15,68.32,121.51,2
1,F04,L_T40 (0.25) ,1.35,51.96,72.09,128.20,2
1,F05,L_T40 (0.5) ,1.35,54.87,74.57,132.61,2
1,F06,L_T40 (0.5) ,1.35,56.69,80.42,143.02,2
1,F07,L_T40 (0.75) ,1.35,52.98,77.04,137.01,2
1,F08,L_T40 (0.75) ,1.35,56.84,81.98,145.80,2
1,F09,L_T40 (2.0) ,1.35,62.93,73.65,130.97,2
1,F10,L_T40 (2.0) ,1.35,59.86,72.56,129.04,2
1,F11,L_T40 (4.0) ,1.35,63.81,69.71,123.97,2
1,F12,L_T40 (4.0) ,1.35,27.55,56.78,100.98,2
1,G01,L_T40 (1.0) ,1.35,4.93,5.86,10.42,2
1,G02,L_T40 (1.0) ,1.35,3.14,6.61,11.75,2
1,G03,L_T40 (0.25) ,1.35,3.58,8.08,14.36,2
1,G04,L_T40 (0.25) ,1.35,0.44,3.58,6.36,2
1,G05,L_T40 (0.5) ,1.35,1.87,4.89,8.70,2
1,G06,L_T40 (0.5) ,1.35,5.59,7.65,13.61,2
1,G07,L_T40 (0.75) ,1.35,3.85,7.66,13.62,2
1,G08,L_T40 (0.75) ,1.35,0.60,8.35,14.84,2
1,G09,L_T40 (2.0) ,1.35,2.69,6.31,11.22,2
1,G10,L_T40 (2.0) ,1.35,4.97,6.92,12.30,2
1,G11,L_T40 (4.0) ,1.35,10.27,7.08,12.59,2
1,G12,L_T40 (4.0) ,1.35,8.00,6.71,11.93,2
1,H01,Background,1.35,0.00,0.00,0.00,
1,H02,L_T (1.0),1.35,37.50,8.48,15.08,7
1,H03,ERROR,1.35,78.60,17.53,31.17,7
1,H04,L_T (0.25),1.35,27.87,10.06,17.89,7
1,H05,L_T (0.5),1.35,31.08,8.03,14.28,7
1,H06,L_T (0.5),1.35,31.67,10.89,19.37,7
1,H07,L_T (0.75),1.35,28.06,10.08,17.92,7
1,H08,L_T (0.75),1.35,27.61,11.59,20.61,7
1,H09,L_T (2.0),1.35,141.33,12.79,22.75,5.88
1,H10,L_T (2.0),1.35,57.34,10.29,18.29,5.88
1,H11,L_T (4.0),1.35,58.10,10.41,18.52,5.04
1,H12,Background,1.35,0.00,0.00,0.00,
2,A01,Background,8.28,0.00,0.00,0.00,
2,A02,L_T40 (1.0) ,8.28,14.11,11.74,20.88,2
2,A03,L_T40 (0.25) ,8.28,10.91,9.67,17.19,2
2,A04,L_T40 (0.25) ,8.28,-45.09,8.09,14.39,2
2,A05,L_T40 (0.5) ,8.28,6.59,12.00,21.34,2
2,A06,L_T40 (0.5) ,8.28,7.38,10.26,18.24,2
2,A07,L_T40 (0.75) ,8.28,8.38,8.79,15.63,2
2,A08,L_T40 (0.75) ,8.28,7.04,11.10,19.74,2
2,A09,L_T40 (2.0) ,8.28,-31.08,9.64,17.15,2
2,A10,L_T40 (2.0) ,8.28,-21.58,5.91,10.51,2
2,A11,L_T40 (4.0) ,8.28,10.36,10.29,18.29,2
2,A12,Background,8.28,0.00,0.00,0.00,
2,B01,L_T40 (1.0) ,8.28,85.94,82.97,147.56,2
2,B02,L_T40 (1.0) ,8.28,11.86,10.74,19.09,2
2,B03,L_T40 (0.25) ,8.28,11.99,8.24,14.66,2
2,B04,L_T40 (0.25) ,8.28,76.59,99.54,177.01,2
2,B05,L_T40 (0.5) ,8.28,9.53,8.38,14.91,2
2,B06,L_T40 (0.5) ,8.28,74.73,91.09,162.00,2
2,B07,L_T40 (0.75) ,8.28,17.46,8.53,15.17,2
2,B08,L_T40 (0.75) ,8.28,68.01,109.72,195.13,2
2,B09,L_T40 (2.0) ,8.28,8.28,8.42,14.98,2
2,B10,L_T40 (2.0) ,8.28,74.19,105.12,186.95,2
2,B11,L_T40 (4.0) ,8.28,10.14,6.49,11.54,2
2,B12,L_T40 (4.0) ,8.28,46.47,89.55,159.26,2
2,C01,L_T40 (1.0) ,8.28,50.80,77.71,138.20,2
2,C02,L_T40 (1.0) ,8.28,72.12,85.25,151.62,2
2,C03,L_T40 (0.25) ,8.28,67.20,74.58,132.64,2
2,C04,L_T40 (0.25) ,8.28,67.28,101.54,180.58,2
2,C05,L_T40 (0.5) ,8.28,66.98,89.30,158.82,2
2,C06,L_T40 (0.5) ,8.28,69.66,104.91,186.57,2
2,C07,L_T40 (0.75) ,8.28,72.85,95.42,169.70,2
2,C08,L_T40 (0.75) ,8.28,68.57,100.41,178.57,2
2,C09,L_T40 (2.0) ,8.28,68.49,98.26,174.74,2
2,C10,L_T40 (2.0) ,8.28,63.13,117.68,209.28,2
2,C11,L_T40 (4.0) ,8.28,73.27,94.20,167.52,2
2,C12,L_T40 (4.0) ,8.28,62.40,91.13,162.07,2
2,D01,L_T40 (1.0) ,8.28,110.94,96.17,171.03,2
2,D02,L_T40 (1.0) ,8.28,103.82,109.89,195.42,2
2,D03,L_T40 (0.25) ,8.28,113.10,136.50,242.75,2
2,D04,L_T40 (0.25) ,8.28,104.22,125.22,222.68,2
2,D05,L_T40 (0.5) ,8.28,110.05,127.40,226.56,2
2,D06,L_T40 (0.5) ,8.28,100.31,139.00,247.20,2
2,D07,L_T40 (0.75) ,8.28,107.16,133.63,237.66,2
2,D08,L_T40 (0.75) ,8.28,105.62,128.50,228.52,2
2,D09,L_T40 (2.0) ,8.28,114.45,100.99,179.61,2
2,D10,L_T40 (2.0) ,8.28,108.88,129.15,229.67,2
2,D11,L_T40 (4.0) ,8.28,114.40,131.78,234.35,2
2,D12,L_T40 (4.0) ,8.28,111.65,111.90,199.01,2
2,E01,L_T40 (1.0) ,8.28,9.78,5.79,10.30,2
2,E02,L_T40 (1.0) ,8.28,11.13,7.42,13.19,2
2,E03,L_T40 (0.25) ,8.28,7.90,7.28,12.95,2
2,E04,L_T40 (0.25) ,8.28,5.54,6.56,11.66,2
2,E05,L_T40 (0.5) ,8.28,6.65,6.60,11.73,2
2,E06,L_T40 (0.5) ,8.28,5.88,6.18,10.99,2
2,E07,L_T40 (0.75) ,8.28,3.94,7.86,13.97,2
2,E08,L_T40 (0.75) ,8.28,-8.24,6.58,11.70,2
2,E09,L_T40 (2.0) ,8.28,5.96,5.16,9.18,2
2,E10,L_T40 (2.0) ,8.28,0.30,6.39,11.37,2
2,E11,L_T40 (4.0) ,8.28,7.56,4.37,7.76,2
2,E12,L_T40 (4.0) ,8.28,8.87,5.06,9.00,2
2,F01,L_T40 (1.0) ,8.28,58.89,63.55,113.01,2
2,F02,L_T40 (1.0) ,8.28,60.50,71.58,127.30,2
2,F03,L_T40 (0.25) ,8.28,55.34,68.57,121.94,2
2,F04,L_T40 (0.25) ,8.28,47.05,70.67,125.67,2
2,F05,L_T40 (0.5) ,8.28,51.47,71.40,126.98,2
2,F06,L_T40 (0.5) ,8.28,54.37,82.85,147.34,2
2,F07,L_T40 (0.75) ,8.28,47.93,78.05,138.80,2
2,F08,L_T40 (0.75) ,8.28,54.09,81.98,145.79,2
2,F09,L_T40 (2.0) ,8.28,58.15,68.03,120.98,2
2,F10,L_T40 (2.0) ,8.28,53.77,75.69,134.61,2
2,F11,L_T40 (4.0) ,8.28,58.13,67.23,119.56,2
2,F12,L_T40 (4.0) ,8.28,22.25,52.73,93.77,2
2,G01,L_T40 (1.0) ,8.28,6.06,3.48,6.18,2
2,G02,L_T40 (1.0) ,8.28,3.93,5.97,10.61,2
2,G03,L_T40 (0.25) ,8.28,3.69,6.92,12.31,2
2,G04,L_T40 (0.25) ,8.28,-1.71,5.63,10.02,2
2,G05,L_T40 (0.5) ,8.28,0.89,4.70,8.36,2
2,G06,L_T40 (0.5) ,8.28,4.76,6.71,11.94,2
2,G07,L_T40 (0.75) ,8.28,1.49,6.58,11.71,2
2,G08,L_T40 (0.75) ,8.28,-1.15,7.58,13.48,2
2,G09,L_T40 (2.0) ,8.28,3.91,5.63,10.02,2
2,G10,L_T40 (2.0) ,8.28,5.28,5.74,10.21,2
2,G11,L_T40 (4.0) ,8.28,7.91,6.00,10.67,2
2,G12,L_T40 (4.0) ,8.28,4.90,6.32,11.24,2
2,H01,Background,8.28,0.00,0.00,0.00,
2,H02,L_T (1.0),8.28,36.05,7.74,13.76,7
2,H03,ERROR,8.28,58.00,5.83,10.37,7
2,H04,L_T (0.25),8.28,26.92,9.15,16.27,7
2,H05,L_T (0.5),8.28,30.36,7.11,12.64,7
2,H06,L_T (0.5),8.28,33.90,9.21,16.38,7
2,H07,L_T (0.75),8.28,28.91,8.82,15.69,7
2,H08,L_T (0.75),8.28,29.59,10.29,18.29,7
2,H09,L_T (2.0),8.28,81.57,9.67,17.19,5.88
2,H10,L_T (2.0),8.28,60.41,8.89,15.81,5.88
2,H11,L_T (4.0),8.28,51.72,8.91,15.84,5.04
2,H12,Background,8.28,0.00,0.00,0.00,
3,A01,Background,15.17,0.00,0.00,0.00,
3,A02,L_T40 (1.0) ,15.17,14.13,12.16,21.62,2
3,A03,L_T40 (0.25) ,15.17,12.12,9.91,17.62,2
3,A04,L_T40 (0.25) ,15.17,-45.11,8.03,14.28,2
3,A05,L_T40 (0.5) ,15.17,7.82,11.17,19.87,2
3,A06,L_T40 (0.5) ,15.17,8.47,10.29,18.29,2
3,A07,L_T40 (0.75) ,15.17,10.05,8.86,15.75,2
3,A08,L_T40 (0.75) ,15.17,6.45,10.88,19.34,2
3,A09,L_T40 (2.0) ,15.17,-33.15,9.50,16.90,2
3,A10,L_T40 (2.0) ,15.17,-20.08,5.41,9.62,2
3,A11,L_T40 (4.0) ,15.17,11.72,10.43,18.54,2
3,A12,Background,15.17,0.00,0.00,0.00,
3,B01,L_T40 (1.0) ,15.17,84.94,82.22,146.21,2
3,B02,L_T40 (1.0) ,15.17,13.55,10.56,18.79,2
3,B03,L_T40 (0.25) ,15.17,11.34,8.34,14.84,2
3,B04,L_T40 (0.25) ,15.17,74.34,103.55,184.15,2
3,B05,L_T40 (0.5) ,15.17,10.41,8.54,15.18,2
3,B06,L_T40 (0.5) ,15.17,72.99,89.52,159.21,2
3,B07,L_T40 (0.75) ,15.17,18.53,8.51,15.13,2
3,B08,L_T40 (0.75) ,15.17,65.82,114.07,202.86,2
3,B09,L_T40 (2.0) ,15.17,8.62,8.74,15.55,2
3,B10,L_T40 (2.0) ,15.17,73.40,107.76,191.64,2
3,B11,L_T40 (4.0) ,15.17,10.73,6.95,12.36,2
3,B12,L_T40 (4.0) ,15.17,44.91,89.68,159.49,2
3,C01,L_T40 (1.0) ,15.17,49.40,80.66,143.45,2
3,C02,L_T40 (1.0) ,15.17,70.61,87.54,155.69,2
3,C03,L_T40 (0.25) ,15.17,66.69,75.95,135.07,2
3,C04,L_T40 (0.25) ,15.17,64.46,104.65,186.11,2
3,C05,L_T40 (0.5) ,15.17,65.65,90.69,161.28,2
3,C06,L_T40 (0.5) ,15.17,68.45,108.77,193.44,2
3,C07,L_T40 (0.75) ,15.17,70.64,98.47,175.12,2
3,C08,L_T40 (0.75) ,15.17,66.80,100.93,179.49,2
3,C09,L_T40 (2.0) ,15.17,67.15,99.53,177.01,2
3,C10,L_T40 (2.0) ,15.17,61.06,121.21,215.56,2
3,C11,L_T40 (4.0) ,15.17,71.06,98.74,175.60,2
3,C12,L_T40 (4.0) ,15.17,61.25,93.72,166.66,2
3,D01,L_T40 (1.0) ,15.17,109.07,100.46,178.66,2
3,D02,L_T40 (1.0) ,15.17,102.91,110.44,196.41,2
3,D03,L_T40 (0.25) ,15.17,112.27,136.75,243.20,2
3,D04,L_T40 (0.25) ,15.17,101.32,126.45,224.89,2
3,D05,L_T40 (0.5) ,15.17,108.94,128.41,228.36,2
3,D06,L_T40 (0.5) ,15.17,97.19,141.88,252.32,2
3,D07,L_T40 (0.75) ,15.17,104.97,134.18,238.62,2
3,D08,L_T40 (0.75) ,15.17,105.88,130.11,231.39,2
3,D09,L_T40 (2.0) ,15.17,109.50,100.24,178.26,2
3,D10,L_T40 (2.0) ,15.17,107.02,131.95,234.66,2
3,D11,L_T40 (4.0) ,15.17,113.49,135.66,241.26,2
3,D12,L_T40 (4.0) ,15.17,109.57,114.81,204.17,2
3,E01,L_T40 (1.0) ,15.17,9.73,5.55,9.87,2
3,E02,L_T40 (1.0) ,15.17,10.82,7.31,13.01,2
3,E03,L_T40 (0.25) ,15.17,8.91,7.40,13.15,2
3,E04,L_T40 (0.25) ,15.17,7.51,6.76,12.03,2
3,E05,L_T40 (0.5) ,15.17,4.48,6.50,11.57,2
3,E06,L_T40 (0.5) ,15.17,6.02,6.09,10.84,2
3,E07,L_T40 (0.75) ,15.17,2.61,8.14,14.47,2
3,E08,L_T40 (0.75) ,15.17,-8.45,6.77,12.05,2
3,E09,L_T40 (2.0) ,15.17,2.40,4.69,8.33,2
3,E10,L_T40 (2.0) ,15.17,1.14,6.46,11.48,2
3,E11,L_T40 (4.0) ,15.17,7.08,4.46,7.93,2
3,E12,L_T40 (4.0) ,15.17,9.17,4.75,8.44,2
3,F01,L_T40 (1.0) ,15.17,59.42,63.10,112.22,2
3,F02,L_T40 (1.0) ,15.17,61.67,74.49,132.48,2
3,F03,L_T40 (0.25) ,15.17,56.49,69.79,124.12,2
3,F04,L_T40 (0.25) ,15.17,46.48,73.26,130.29,2
3,F05,L_T40 (0.5) ,15.17,51.46,74.77,132.98,2
3,F06,L_T40 (0.5) ,15.17,53.99,84.93,151.04,2
3,F07,L_T40 (0.75) ,15.17,46.98,81.22,144.44,2
3,F08,L_T40 (0.75) ,15.17,54.73,84.46,150.20,2
3,F09,L_T40 (2.0) ,15.17,57.31,72.24,128.47,2
3,F10,L_T40 (2.0) ,15.17,53.39,79.26,140.95,2
3,F11,L_T40 (4.0) ,15.17,58.48,69.44,123.49,2
3,F12,L_T40 (4.0) ,15.17,21.28,55.22,98.20,2
3,G01,L_T40 (1.0) ,15.17,6.60,3.89,6.92,2
3,G02,L_T40 (1.0) ,15.17,4.33,5.25,9.33,2
3,G03,L_T40 (0.25) ,15.17,4.52,6.12,10.88,2
3,G04,L_T40 (0.25) ,15.17,-3.77,6.15,10.94,2
3,G05,L_T40 (0.5) ,15.17,2.11,4.09,7.27,2
3,G06,L_T40 (0.5) ,15.17,4.75,6.38,11.34,2
3,G07,L_T40 (0.75) ,15.17,1.55,6.20,11.03,2
3,G08,L_T40 (0.75) ,15.17,1.20,7.58,13.48,2
3,G09,L_T40 (2.0) ,15.17,3.40,5.11,9.09,2
3,G10,L_T40 (2.0) ,15.17,5.58,5.46,9.71,2
3,G11,L_T40 (4.0) ,15.17,9.36,5.74,10.21,2
3,G12,L_T40 (4.0) ,15.17,5.52,5.73,10.19,2
3,H01,Background,15.17,0.00,0.00,0.00,
3,H02,L_T (1.0),15.17,37.31,7.83,13.92,7
3,H03,ERROR,15.17,56.60,5.80,10.32,7
3,H04,L_T (0.25),15.17,29.58,9.30,16.55,7
3,H05,L_T (0.5),15.17,31.68,6.58,11.70,7
3,H06,L_T (0.5),15.17,34.36,8.78,15.62,7
3,H07,L_T (0.75),15.17,30.08,9.04,16.07,7
3,H08,L_T (0.75),15.17,31.31,9.89,17.59,7
3,H09,L_T (2.0),15.17,74.57,9.59,17.05,5.88
3,H10,L_T (2.0),15.17,60.80,9.25,16.44,5.88
3,H11,L_T (4.0),15.17,52.80,8.97,15.95,5.04
3,H12,Background,15.17,0.00,0.00,0.00,
4,A01,Background,22.08,0.00,0.00,0.00,
4,A02,L_T40 (1.0) ,22.08,12.37,12.28,21.84,2
4,A03,L_T40 (0.25) ,22.08,13.56,9.82,17.46,2
4,A04,L_T40 (0.25) ,22.08,-43.95,8.21,14.61,2
4,A05,L_T40 (0.5) ,22.08,9.28,11.20,19.91,2
4,A06,L_T40 (0.5) ,22.08,9.31,11.03,19.61,2
4,A07,L_T40 (0.75) ,22.08,9.37,8.39,14.92,2
4,A08,L_T40 (0.75) ,22.08,6.92,11.12,19.78,2
4,A09,L_T40 (2.0) ,22.08,-30.95,9.59,17.06,2
4,A10,L_T40 (2.0) ,22.08,-20.34,5.97,10.62,2
4,A11,L_T40 (4.0) ,22.08,8.36,10.17,18.08,2
4,A12,Background,22.08,0.00,0.00,0.00,
4,B01,L_T40 (1.0) ,22.08,85.23,81.55,145.02,2
4,B02,L_T40 (1.0) ,22.08,13.66,10.41,18.51,2
4,B03,L_T40 (0.25) ,22.08,12.26,9.09,16.17,2
4,B04,L_T40 (0.25) ,22.08,73.79,105.34,187.33,2
4,B05,L_T40 (0.5) ,22.08,10.01,8.68,15.43,2
4,B06,L_T40 (0.5) ,22.08,70.57,89.36,158.92,2
4,B07,L_T40 (0.75) ,22.08,18.15,8.53,15.18,2
4,B08,L_T40 (0.75) ,22.08,65.30,115.87,206.06,2
4,B09,L_T40 (2.0) ,22.08,9.33,9.11,16.21,2
4,B10,L_T40 (2.0) ,22.08,73.04,108.66,193.24,2
4,B11,L_T40 (4.0) ,22.08,8.43,7.29,12.96,2
4,B12,L_T40 (4.0) ,22.08,44.76,91.85,163.35,2
4,C01,L_T40 (1.0) ,22.08,47.65,82.41,146.56,2
4,C02,L_T40 (1.0) ,22.08,70.24,87.89,156.31,2
4,C03,L_T40 (0.25) ,22.08,67.36,75.43,134.14,2
4,C04,L_T40 (0.25) ,22.08,62.46,105.78,188.12,2
4,C05,L_T40 (0.5) ,22.08,65.37,89.74,159.59,2
4,C06,L_T40 (0.5) ,22.08,67.47,110.08,195.76,2
4,C07,L_T40 (0.75) ,22.08,69.89,97.94,174.18,2
4,C08,L_T40 (0.75) ,22.08,65.24,98.98,176.03,2
4,C09,L_T40 (2.0) ,22.08,67.45,99.51,176.96,2
4,C10,L_T40 (2.0) ,22.08,61.86,123.79,220.16,2
4,C11,L_T40 (4.0) ,22.08,71.37,99.89,177.65,2
4,C12,L_T40 (4.0) ,22.08,61.65,96.01,170.75,2
4,D01,L_T40 (1.0) ,22.08,108.84,100.76,179.19,2
4,D02,L_T40 (1.0) ,22.08,103.55,110.56,196.63,2
4,D03,L_T40 (0.25) ,22.08,112.12,137.80,245.07,2
4,D04,L_T40 (0.25) ,22.08,101.77,125.96,224.01,2
4,D05,L_T40 (0.5) ,22.08,110.07,129.02,229.45,2
4,D06,L_T40 (0.5) ,22.08,97.47,142.57,253.55,2
4,D07,L_T40 (0.75) ,22.08,104.75,132.49,235.62,2
4,D08,L_T40 (0.75) ,22.08,107.26,130.00,231.19,2
4,D09,L_T40 (2.0) ,22.08,106.75,100.77,179.21,2
4,D10,L_T40 (2.0) ,22.08,105.87,132.99,236.50,2
4,D11,L_T40 (4.0) ,22.08,113.64,137.00,243.64,2
4,D12,L_T40 (4.0) ,22.08,108.76,116.38,206.97,2
4,E01,L_T40 (1.0) ,22.08,9.86,5.62,10.00,2
4,E02,L_T40 (1.0) ,22.08,11.36,6.95,12.35,2
4,E03,L_T40 (0.25) ,22.08,8.25,7.16,12.74,2
4,E04,L_T40 (0.25) ,22.08,6.55,6.50,11.55,2
4,E05,L_T40 (0.5) ,22.08,5.58,6.62,11.76,2
4,E06,L_T40 (0.5) ,22.08,5.93,5.85,10.40,2
4,E07,L_T40 (0.75) ,22.08,2.23,7.89,14.02,2
4,E08,L_T40 (0.75) ,22.08,-5.64,7.12,12.65,2
4,E09,L_T40 (2.0) ,22.08,1.94,4.77,8.49,2
4,E10,L_T40 (2.0) ,22.08,-0.33,6.46,11.48,2
4,E11,L_T40 (4.0) ,22.08,7.99,4.76,8.46,2
4,E12,L_T40 (4.0) ,22.08,8.43,5.33,9.47,2
4,F01,L_T40 (1.0) ,22.08,58.60,64.45,114.62,2
4,F02,L_T40 (1.0) ,22.08,62.09,75.61,134.47,2
4,F03,L_T40 (0.25) ,22.08,56.68,71.45,127.06,2
4,F04,L_T40 (0.25) ,22.08,45.87,75.19,133.72,2
4,F05,L_T40 (0.5) ,22.08,51.65,76.22,135.55,2
4,F06,L_T40 (0.5) ,22.08,53.75,86.73,154.24,2
4,F07,L_T40 (0.75) ,22.08,47.35,83.42,148.35,2
4,F08,L_T40 (0.75) ,22.08,56.10,85.77,152.53,2
4,F09,L_T40 (2.0) ,22.08,57.72,73.97,131.55,2
4,F10,L_T40 (2.0) ,22.08,54.01,81.36,144.70,2
4,F11,L_T40 (4.0) ,22.08,58.93,59.68,106.14,2
4,F12,L_T40 (4.0) ,22.08,20.25,56.97,101.31,2
4,G01,L_T40 (1.0) ,22.08,5.95,3.74,6.65,2
4,G02,L_T40 (1.0) ,22.08,3.83,5.43,9.66,2
4,G03,L_T40 (0.25) ,22.08,4.18,5.73,10.18,2
4,G04,L_T40 (0.25) ,22.08,-3.12,6.97,12.39,2
4,G05,L_T40 (0.5) ,22.08,1.95,4.21,7.49,2
4,G06,L_T40 (0.5) ,22.08,4.28,6.16,10.95,2
4,G07,L_T40 (0.75) ,22.08,1.08,6.24,11.10,2
4,G08,L_T40 (0.75) ,22.08,1.37,7.24,12.88,2
4,G09,L_T40 (2.0) ,22.08,3.61,5.15,9.16,2
4,G10,L_T40 (2.0) ,22.08,3.49,5.76,10.24,2
4,G11,L_T40 (4.0) ,22.08,7.76,5.91,10.51,2
4,G12,L_T40 (4.0) ,22.08,4.19,5.96,10.60,2
4,H01,Background,22.08,0.00,0.00,0.00,
4,H02,L_T (1.0),22.08,37.80,8.09,14.38,7
4,H03,ERROR,22.08,56.40,6.48,11.53,7
4,H04,L_T (0.25),22.08,29.88,9.54,16.97,7
4,H05,L_T (0.5),22.08,31.55,7.06,12.56,7
4,H06,L_T (0.5),22.08,34.26,9.23,16.42,7
4,H07,L_T (0.75),22.08,29.44,8.69,15.46,7
4,H08,L_T (0.75),22.08,31.13,9.74,17.33,7
4,H09,L_T (2.0),22.08,72.19,9.41,16.73,5.88
4,H10,L_T (2.0),22.08,63.45,8.94,15.90,5.88
4,H11,L_T (4.0),22.08,51.97,9.44,16.78,5.04
4,H12,Background,22.08,0.00,0.00,0.00,
5,A01,Background,29.00,0.00,0.00,0.00,
5,A02,L_T40 (1.0) ,29.00,11.09,12.02,21.38,2
5,A03,L_T40 (0.25) ,29.00,9.97,10.02,17.81,2
5,A04,L_T40 (0.25) ,29.00,-42.76,7.40,13.15,2
5,A05,L_T40 (0.5) ,29.00,7.98,11.03,19.62,2
5,A06,L_T40 (0.5) ,29.00,9.37,9.75,17.33,2
5,A07,L_T40 (0.75) ,29.00,9.04,8.11,14.42,2
5,A08,L_T40 (0.75) ,29.00,6.74,10.77,19.16,2
5,A09,L_T40 (2.0) ,29.00,-29.55,9.36,16.65,2
5,A10,L_T40 (2.0) ,29.00,-19.84,5.78,10.28,2
5,A11,L_T40 (4.0) ,29.00,9.18,9.91,17.62,2
5,A12,Background,29.00,0.00,0.00,0.00,
5,B01,L_T40 (1.0) ,29.00,83.41,81.38,144.73,2
5,B02,L_T40 (1.0) ,29.00,13.12,10.30,18.32,2
5,B03,L_T40 (0.25) ,29.00,10.16,8.54,15.18,2
5,B04,L_T40 (0.25) ,29.00,73.33,105.79,188.14,2
5,B05,L_T40 (0.5) ,29.00,9.37,8.18,14.54,2
5,B06,L_T40 (0.5) ,29.00,71.19,90.07,160.18,2
5,B07,L_T40 (0.75) ,29.00,17.99,8.41,14.95,2
5,B08,L_T40 (0.75) ,29.00,63.93,117.20,208.42,2
5,B09,L_T40 (2.0) ,29.00,8.61,8.77,15.60,2
5,B10,L_T40 (2.0) ,29.00,72.25,109.61,194.93,2
5,B11,L_T40 (4.0) ,29.00,7.46,6.67,11.86,2
5,B12,L_T40 (4.0) ,29.00,44.50,93.85,166.91,2
5,C01,L_T40 (1.0) ,29.00,45.98,85.51,152.07,2
5,C02,L_T40 (1.0) ,29.00,70.66,88.11,156.69,2
5,C03,L_T40 (0.25) ,29.00,65.82,75.98,135.12,2
5,C04,L_T40 (0.25) ,29.00,62.79,106.03,188.57,2
5,C05,L_T40 (0.5) ,29.00,64.62,88.98,158.24,2
5,C06,L_T40 (0.5) ,29.00,67.84,111.11,197.59,2
5,C07,L_T40 (0.75) ,29.00,70.33,97.99,174.27,2
5,C08,L_T40 (0.75) ,29.00,64.91,98.65,175.44,2
5,C09,L_T40 (2.0) ,29.00,67.89,99.47,176.89,2
5,C10,L_T40 (2.0) ,29.00,61.99,124.61,221.60,2
5,C11,L_T40 (4.0) ,29.00,70.08,100.87,179.39,2
5,C12,L_T40 (4.0) ,29.00,61.69,96.25,171.18,2
5,D01,L_T40 (1.0) ,29.00,109.26,100.19,178.18,2
5,D02,L_T40 (1.0) ,29.00,103.48,110.91,197.25,2
5,D03,L_T40 (0.25) ,29.00,111.62,139.38,247.87,2
5,D04,L_T40 (0.25) ,29.00,102.30,125.86,223.83,2
5,D05,L_T40 (0.5) ,29.00,109.81,129.36,230.05,2
5,D06,L_T40 (0.5) ,29.00,98.98,143.04,254.38,2
5,D07,L_T40 (0.75) ,29.00,105.37,131.44,233.76,2
5,D08,L_T40 (0.75) ,29.00,108.23,131.06,233.08,2
5,D09,L_T40 (2.0) ,29.00,106.42,101.06,179.72,2
5,D10,L_T40 (2.0) ,29.00,106.42,133.60,237.60,2
5,D11,L_T40 (4.0) ,29.00,114.22,138.23,245.82,2
5,D12,L_T40 (4.0) ,29.00,109.42,116.66,207.47,2
5,E01,L_T40 (1.0) ,29.00,8.38,5.28,9.39,2
5,E02,L_T40 (1.0) ,29.00,10.49,6.68,11.89,2
5,E03,L_T40 (0.25) ,29.00,7.42,7.00,12.45,2
5,E04,L_T40 (0.25) ,29.00,7.36,6.27,11.15,2
5,E05,L_T40 (0.5) ,29.00,4.07,6.13,10.90,2
5,E06,L_T40 (0.5) ,29.00,5.21,5.66,10.07,2
5,E07,L_T40 (0.75) ,29.00,1.57,7.57,13.46,2
5,E08,L_T40 (0.75) ,29.00,-5.27,6.88,12.24,2
5,E09,L_T40 (2.0) ,29.00,2.69,4.50,8.00,2
5,E10,L_T40 (2.0) ,29.00,0.13,5.91,10.51,2
5,E11,L_T40 (4.0) ,29.00,6.26,5.12,9.11,2
5,E12,L_T40 (4.0) ,29.00,8.59,4.89,8.69,2
5,F01,L_T40 (1.0) ,29.00,57.33,65.14,115.84,2
5,F02,L_T40 (1.0) ,29.00,61.71,76.73,136.45,2
5,F03,L_T40 (0.25) ,29.00,56.13,72.26,128.51,2
5,F04,L_T40 (0.25) ,29.00,46.21,76.47,135.99,2
5,F05,L_T40 (0.5) ,29.00,52.25,76.78,136.54,2
5,F06,L_T40 (0.5) ,29.00,54.75,88.05,156.59,2
5,F07,L_T40 (0.75) ,29.00,47.26,84.66,150.57,2
5,F08,L_T40 (0.75) ,29.00,55.56,86.93,154.59,2
5,F09,L_T40 (2.0) ,29.00,57.51,74.72,132.88,2
5,F10,L_T40 (2.0) ,29.00,53.59,82.69,147.06,2
5,F11,L_T40 (4.0) ,29.00,65.48,86.33,153.53,2
5,F12,L_T40 (4.0) ,29.00,19.53,57.99,103.13,2
5,G01,L_T40 (1.0) ,29.00,5.94,4.04,7.19,2
5,G02,L_T40 (1.0) ,29.00,2.87,5.32,9.45,2
5,G03,L_T40 (0.25) ,29.00,3.34,5.52,9.81,2
5,G04,L_T40 (0.25) ,29.00,-4.21,6.68,11.88,2
5,G05,L_T40 (0.5) ,29.00,1.85,4.36,7.75,2
5,G06,L_T40 (0.5) ,29.00,3.81,5.79,10.30,2
5,G07,L_T40 (0.75) ,29.00,0.60,6.22,11.07,2
5,G08,L_T40 (0.75) ,29.00,1.35,6.49,11.54,2
5,G09,L_T40 (2.0) ,29.00,3.85,4.83,8.59,2
5,G10,L_T40 (2.0) ,29.00,3.82,5.22,9.28,2
5,G11,L_T40 (4.0) ,29.00,7.78,5.67,10.09,2
5,G12,L_T40 (4.0) ,29.00,3.79,5.91,10.51,2
5,H01,Background,29.00,0.00,0.00,0.00,
5,H02,L_T (1.0),29.00,38.21,7.62,13.56,7
5,H03,ERROR,29.00,55.02,6.06,10.77,7
5,H04,L_T (0.25),29.00,29.66,9.21,16.37,7
5,H05,L_T (0.5),29.00,30.58,7.23,12.85,7
5,H06,L_T (0.5),29.00,34.14,9.03,16.05,7
5,H07,L_T (0.75),29.00,29.42,8.43,14.99,7
5,H08,L_T (0.75),29.00,31.91,9.79,17.41,7
5,H09,L_T (2.0),29.00,71.19,9.36,16.64,5.88
5,H10,L_T (2.0),29.00,62.38,8.39,14.92,5.88
5,H11,L_T (4.0),29.00,50.63,9.16,16.29,5.04
5,H12,Background,29.00,0.00,0.00,0.00,
6,A01,Background,36.58,0.00,0.00,0.00,
6,A02,L_T40 (1.0) ,36.58,8.97,13.06,23.22,2
6,A03,L_T40 (0.25) ,36.58,7.14,11.67,20.75,2
6,A04,L_T40 (0.25) ,36.58,-44.65,9.08,16.15,2
6,A05,L_T40 (0.5) ,36.58,6.74,13.02,23.16,2
6,A06,L_T40 (0.5) ,36.58,7.94,12.16,21.63,2
6,A07,L_T40 (0.75) ,36.58,6.64,11.14,19.82,2
6,A08,L_T40 (0.75) ,36.58,9.24,13.66,24.30,2
6,A09,L_T40 (2.0) ,36.58,-27.86,11.51,20.47,2
6,A10,L_T40 (2.0) ,36.58,-24.02,9.81,17.45,2
6,A11,L_T40 (4.0) ,36.58,62.17,11.85,21.07,2
6,A12,Background,36.58,0.00,0.00,0.00,
6,B01,L_T40 (1.0) ,36.58,54.24,96.27,171.21,2
6,B02,L_T40 (1.0) ,36.58,11.46,12.07,21.46,2
6,B03,L_T40 (0.25) ,36.58,6.61,12.24,21.76,2
6,B04,L_T40 (0.25) ,36.58,33.01,126.55,225.05,2
6,B05,L_T40 (0.5) ,36.58,5.48,10.39,18.48,2
6,B06,L_T40 (0.5) ,36.58,30.94,119.01,211.65,2
6,B07,L_T40 (0.75) ,36.58,14.81,11.63,20.68,2
6,B08,L_T40 (0.75) ,36.58,30.06,140.30,249.50,2
6,B09,L_T40 (2.0) ,36.58,6.84,12.25,21.79,2
6,B10,L_T40 (2.0) ,36.58,36.08,139.64,248.33,2
6,B11,L_T40 (4.0) ,36.58,6.11,10.67,18.98,2
6,B12,L_T40 (4.0) ,36.58,15.77,114.30,203.27,2
6,C01,L_T40 (1.0) ,36.58,-0.10,105.38,187.41,2
6,C02,L_T40 (1.0) ,36.58,30.78,108.95,193.76,2
6,C03,L_T40 (0.25) ,36.58,27.47,97.25,172.95,2
6,C04,L_T40 (0.25) ,36.58,23.06,125.21,222.68,2
6,C05,L_T40 (0.5) ,36.58,27.74,106.18,188.83,2
6,C06,L_T40 (0.5) ,36.58,31.62,136.84,243.35,2
6,C07,L_T40 (0.75) ,36.58,44.85,118.53,210.80,2
6,C08,L_T40 (0.75) ,36.58,27.48,123.32,219.31,2
6,C09,L_T40 (2.0) ,36.58,41.63,130.08,231.33,2
6,C10,L_T40 (2.0) ,36.58,32.01,148.65,264.37,2
6,C11,L_T40 (4.0) ,36.58,34.76,127.09,226.01,2
6,C12,L_T40 (4.0) ,36.58,28.68,120.52,214.34,2
6,D01,L_T40 (1.0) ,36.58,49.25,130.46,232.01,2
6,D02,L_T40 (1.0) ,36.58,36.49,140.46,249.80,2
6,D03,L_T40 (0.25) ,36.58,36.18,146.25,260.09,2
6,D04,L_T40 (0.25) ,36.58,38.40,136.08,242.01,2
6,D05,L_T40 (0.5) ,36.58,38.59,153.42,272.84,2
6,D06,L_T40 (0.5) ,36.58,33.59,169.95,302.23,2
6,D07,L_T40 (0.75) ,36.58,35.68,155.26,276.11,2
6,D08,L_T40 (0.75) ,36.58,44.17,147.65,262.59,2
6,D09,L_T40 (2.0) ,36.58,44.02,125.86,223.83,2
6,D10,L_T40 (2.0) ,36.58,43.61,162.45,288.91,2
6,D11,L_T40 (4.0) ,36.58,43.17,168.83,300.24,2
6,D12,L_T40 (4.0) ,36.58,43.79,156.16,277.72,2
6,E01,L_T40 (1.0) ,36.58,8.41,9.32,16.58,2
6,E02,L_T40 (1.0) ,36.58,8.18,10.85,19.29,2
6,E03,L_T40 (0.25) ,36.58,3.56,10.07,17.91,2
6,E04,L_T40 (0.25) ,36.58,7.48,9.06,16.11,2
6,E05,L_T40 (0.5) ,36.58,1.69,8.85,15.74,2
6,E06,L_T40 (0.5) ,36.58,3.13,8.69,15.46,2
6,E07,L_T40 (0.75) ,36.58,3.78,10.25,18.22,2
6,E08,L_T40 (0.75) ,36.58,-8.85,9.51,16.91,2
6,E09,L_T40 (2.0) ,36.58,2.34,7.00,12.45,2
6,E10,L_T40 (2.0) ,36.58,0.97,8.65,15.39,2
6,E11,L_T40 (4.0) ,36.58,5.53,7.52,13.38,2
6,E12,L_T40 (4.0) ,36.58,7.25,8.30,14.76,2
6,F01,L_T40 (1.0) ,36.58,24.65,78.80,140.14,2
6,F02,L_T40 (1.0) ,36.58,37.69,101.18,179.94,2
6,F03,L_T40 (0.25) ,36.58,24.25,88.79,157.91,2
6,F04,L_T40 (0.25) ,36.58,15.73,91.52,162.76,2
6,F05,L_T40 (0.5) ,36.58,19.69,92.67,164.80,2
6,F06,L_T40 (0.5) ,36.58,22.39,98.56,175.27,2
6,F07,L_T40 (0.75) ,36.58,21.95,100.04,177.92,2
6,F08,L_T40 (0.75) ,36.58,15.75,94.32,167.73,2
6,F09,L_T40 (2.0) ,36.58,32.47,90.80,161.48,2
6,F10,L_T40 (2.0) ,36.58,27.30,93.78,166.78,2
6,F11,L_T40 (4.0) ,36.58,20.86,77.08,137.08,2
6,F12,L_T40 (4.0) ,36.58,-3.14,76.08,135.30,2
6,G01,L_T40 (1.0) ,36.58,17.56,6.61,11.75,2
6,G02,L_T40 (1.0) ,36.58,3.41,8.22,14.61,2
6,G03,L_T40 (0.25) ,36.58,2.27,7.41,13.17,2
6,G04,L_T40 (0.25) ,36.58,-4.14,8.69,15.46,2
6,G05,L_T40 (0.5) ,36.58,0.29,6.58,11.71,2
6,G06,L_T40 (0.5) ,36.58,4.74,7.02,12.48,2
6,G07,L_T40 (0.75) ,36.58,1.81,6.94,12.34,2
6,G08,L_T40 (0.75) ,36.58,-3.18,8.73,15.53,2
6,G09,L_T40 (2.0) ,36.58,3.09,6.45,11.47,2
6,G10,L_T40 (2.0) ,36.58,1.79,6.43,11.44,2
6,G11,L_T40 (4.0) ,36.58,4.27,6.16,10.96,2
6,G12,L_T40 (4.0) ,36.58,-0.30,6.50,11.56,2
6,H01,Background,36.58,0.00,0.00,0.00,
6,H02,L_T (1.0),36.58,22.13,9.13,16.23,7
6,H03,ERROR,36.58,49.17,8.46,15.04,7
6,H04,L_T (0.25),36.58,13.10,11.95,21.25,7
6,H05,L_T (0.5),36.58,19.56,10.31,18.33,7
6,H06,L_T (0.5),36.58,24.11,15.67,27.87,7
6,H07,L_T (0.75),36.58,17.71,12.77,22.70,7
6,H08,L_T (0.75),36.58,18.31,14.85,26.41,7
6,H09,L_T (2.0),36.58,61.73,13.68,24.33,5.88
6,H10,L_T (2.0),36.58,31.87,14.12,25.11,5.88
6,H11,L_T (4.0),36.58,45.80,12.68,22.54,5.04
6,H12,Background,36.58,0.00,0.00,0.00,
7,A01,Background,43.77,0.00,0.00,0.00,
7,A02,L_T40 (1.0) ,43.77,9.07,13.06,23.23,2
7,A03,L_T40 (0.25) ,43.77,7.11,11.68,20.78,2
7,A04,L_T40 (0.25) ,43.77,-45.83,9.99,17.77,2
7,A05,L_T40 (0.5) ,43.77,7.94,12.37,21.99,2
7,A06,L_T40 (0.5) ,43.77,8.01,11.93,21.21,2
7,A07,L_T40 (0.75) ,43.77,5.55,11.86,21.08,2
7,A08,L_T40 (0.75) ,43.77,11.45,14.04,24.97,2
7,A09,L_T40 (2.0) ,43.77,-26.02,11.16,19.84,2
7,A10,L_T40 (2.0) ,43.77,-24.96,9.53,16.94,2
7,A11,L_T40 (4.0) ,43.77,14.52,14.20,25.26,2
7,A12,Background,43.77,0.00,0.00,0.00,
7,B01,L_T40 (1.0) ,43.77,54.27,107.71,191.55,2
7,B02,L_T40 (1.0) ,43.77,10.10,12.28,21.83,2
7,B03,L_T40 (0.25) ,43.77,5.29,12.73,22.64,2
7,B04,L_T40 (0.25) ,43.77,29.75,134.52,239.23,2
7,B05,L_T40 (0.5) ,43.77,5.55,10.74,19.09,2
7,B06,L_T40 (0.5) ,43.77,30.65,127.14,226.10,2
7,B07,L_T40 (0.75) ,43.77,14.91,11.51,20.47,2
7,B08,L_T40 (0.75) ,43.77,29.56,146.74,260.96,2
7,B09,L_T40 (2.0) ,43.77,6.21,12.88,22.91,2
7,B10,L_T40 (2.0) ,43.77,32.30,149.47,265.82,2
7,B11,L_T40 (4.0) ,43.77,5.24,10.91,19.41,2
7,B12,L_T40 (4.0) ,43.77,18.42,119.52,212.56,2
7,C01,L_T40 (1.0) ,43.77,0.44,108.58,193.11,2
7,C02,L_T40 (1.0) ,43.77,30.73,117.72,209.35,2
7,C03,L_T40 (0.25) ,43.77,27.71,105.44,187.52,2
7,C04,L_T40 (0.25) ,43.77,22.73,137.24,244.06,2
7,C05,L_T40 (0.5) ,43.77,28.02,114.98,204.48,2
7,C06,L_T40 (0.5) ,43.77,34.14,141.26,251.22,2
7,C07,L_T40 (0.75) ,43.77,47.09,122.99,218.73,2
7,C08,L_T40 (0.75) ,43.77,29.12,131.09,233.13,2
7,C09,L_T40 (2.0) ,43.77,41.43,141.95,252.44,2
7,C10,L_T40 (2.0) ,43.77,30.86,155.48,276.51,2
7,C11,L_T40 (4.0) ,43.77,35.69,139.61,248.29,2
7,C12,L_T40 (4.0) ,43.77,28.17,128.46,228.46,2
7,D01,L_T40 (1.0) ,43.77,46.27,135.91,241.70,2
7,D02,L_T40 (1.0) ,43.77,38.96,148.04,263.27,2
7,D03,L_T40 (0.25) ,43.77,37.36,146.51,260.55,2
7,D04,L_T40 (0.25) ,43.77,36.73,149.20,265.33,2
7,D05,L_T40 (0.5) ,43.77,39.92,160.22,284.93,2
7,D06,L_T40 (0.5) ,43.77,34.21,172.43,306.66,2
7,D07,L_T40 (0.75) ,43.77,36.54,157.12,279.42,2
7,D08,L_T40 (0.75) ,43.77,43.83,157.43,279.97,2
7,D09,L_T40 (2.0) ,43.77,46.29,140.42,249.72,2
7,D10,L_T40 (2.0) ,43.77,44.90,169.10,300.72,2
7,D11,L_T40 (4.0) ,43.77,42.35,174.65,310.60,2
7,D12,L_T40 (4.0) ,43.77,43.77,168.66,299.95,2
7,E01,L_T40 (1.0) ,43.77,7.75,9.11,16.19,2
7,E02,L_T40 (1.0) ,43.77,7.33,10.86,19.31,2
7,E03,L_T40 (0.25) ,43.77,3.35,9.01,16.01,2
7,E04,L_T40 (0.25) ,43.77,6.09,9.11,16.21,2
7,E05,L_T40 (0.5) ,43.77,1.18,8.52,15.16,2
7,E06,L_T40 (0.5) ,43.77,4.56,8.93,15.88,2
7,E07,L_T40 (0.75) ,43.77,-0.64,9.87,17.55,2
7,E08,L_T40 (0.75) ,43.77,-9.18,9.59,17.05,2
7,E09,L_T40 (2.0) ,43.77,1.10,7.46,13.26,2
7,E10,L_T40 (2.0) ,43.77,0.41,8.71,15.49,2
7,E11,L_T40 (4.0) ,43.77,4.24,8.00,14.23,2
7,E12,L_T40 (4.0) ,43.77,6.29,8.98,15.97,2
7,F01,L_T40 (1.0) ,43.77,26.42,92.27,164.10,2
7,F02,L_T40 (1.0) ,43.77,39.13,111.02,197.43,2
7,F03,L_T40 (0.25) ,43.77,25.17,100.17,178.15,2
7,F04,L_T40 (0.25) ,43.77,14.51,100.52,178.76,2
7,F05,L_T40 (0.5) ,43.77,20.86,103.23,183.59,2
7,F06,L_T40 (0.5) ,43.77,23.38,107.64,191.43,2
7,F07,L_T40 (0.75) ,43.77,21.91,109.93,195.50,2
7,F08,L_T40 (0.75) ,43.77,18.25,108.64,193.20,2
7,F09,L_T40 (2.0) ,43.77,29.05,107.47,191.12,2
7,F10,L_T40 (2.0) ,43.77,28.20,108.54,193.03,2
7,F11,L_T40 (4.0) ,43.77,23.82,92.24,164.04,2
7,F12,L_T40 (4.0) ,43.77,-2.52,86.87,154.49,2
7,G01,L_T40 (1.0) ,43.77,15.35,5.92,10.53,2
7,G02,L_T40 (1.0) ,43.77,3.87,7.21,12.83,2
7,G03,L_T40 (0.25) ,43.77,0.55,6.49,11.54,2
7,G04,L_T40 (0.25) ,43.77,-4.17,7.37,13.10,2
7,G05,L_T40 (0.5) ,43.77,-0.01,6.34,11.28,2
7,G06,L_T40 (0.5) ,43.77,4.72,6.69,11.90,2
7,G07,L_T40 (0.75) ,43.77,1.40,6.30,11.20,2
7,G08,L_T40 (0.75) ,43.77,-4.34,8.81,15.67,2
7,G09,L_T40 (2.0) ,43.77,2.11,6.04,10.74,2
7,G10,L_T40 (2.0) ,43.77,2.06,6.55,11.64,2
7,G11,L_T40 (4.0) ,43.77,3.83,5.82,10.36,2
7,G12,L_T40 (4.0) ,43.77,1.68,6.49,11.54,2
7,H01,Background,43.77,0.00,0.00,0.00,
7,H02,L_T (1.0),43.77,22.54,9.16,16.30,7
7,H03,ERROR,43.77,46.14,7.32,13.01,7
7,H04,L_T (0.25),43.77,13.32,12.04,21.41,7
7,H05,L_T (0.5),43.77,17.64,10.08,17.92,7
7,H06,L_T (0.5),43.77,24.38,16.36,29.09,7
7,H07,L_T (0.75),43.77,18.29,12.65,22.51,7
7,H08,L_T (0.75),43.77,19.54,15.36,27.32,7
7,H09,L_T (2.0),43.77,61.21,12.66,22.52,5.88
7,H10,L_T (2.0),43.77,58.98,11.49,20.44,5.88
7,H11,L_T (4.0),43.77,44.79,10.96,19.49,5.04
7,H12,Background,43.77,0.00,0.00,0.00,
8,A01,Background,50.90,0.00,0.00,0.00,
8,A02,L_T40 (1.0) ,50.90,8.41,13.20,23.48,2
8,A03,L_T40 (0.25) ,50.90,9.15,11.62,20.66,2
8,A04,L_T40 (0.25) ,50.90,-44.73,10.13,18.02,2
8,A05,L_T40 (0.5) ,50.90,9.15,12.23,21.76,2
8,A06,L_T40 (0.5) ,50.90,8.65,10.84,19.28,2
8,A07,L_T40 (0.75) ,50.90,6.42,11.35,20.18,2
8,A08,L_T40 (0.75) ,50.90,14.32,13.12,23.33,2
8,A09,L_T40 (2.0) ,50.90,-25.64,10.89,19.37,2
8,A10,L_T40 (2.0) ,50.90,-21.89,8.30,14.76,2
8,A11,L_T40 (4.0) ,50.90,22.88,12.14,21.59,2
8,A12,Background,50.90,0.00,0.00,0.00,
8,B01,L_T40 (1.0) ,50.90,55.70,98.49,175.15,2
8,B02,L_T40 (1.0) ,50.90,12.10,12.53,22.29,2
8,B03,L_T40 (0.25) ,50.90,5.90,12.92,22.98,2
8,B04,L_T40 (0.25) ,50.90,28.15,131.88,234.53,2
8,B05,L_T40 (0.5) ,50.90,7.44,11.14,19.81,2
8,B06,L_T40 (0.5) ,50.90,29.00,127.09,226.02,2
8,B07,L_T40 (0.75) ,50.90,14.19,12.35,21.97,2
8,B08,L_T40 (0.75) ,50.90,31.07,146.72,260.94,2
8,B09,L_T40 (2.0) ,50.90,6.42,12.57,22.35,2
8,B10,L_T40 (2.0) ,50.90,34.59,149.96,266.69,2
8,B11,L_T40 (4.0) ,50.90,5.82,11.02,19.60,2
8,B12,L_T40 (4.0) ,50.90,21.90,112.48,200.04,2
8,C01,L_T40 (1.0) ,50.90,1.57,106.55,189.50,2
8,C02,L_T40 (1.0) ,50.90,31.64,113.71,202.23,2
8,C03,L_T40 (0.25) ,50.90,29.02,104.38,185.63,2
8,C04,L_T40 (0.25) ,50.90,22.32,134.49,239.18,2
8,C05,L_T40 (0.5) ,50.90,27.86,114.28,203.24,2
8,C06,L_T40 (0.5) ,50.90,33.35,140.86,250.51,2
8,C07,L_T40 (0.75) ,50.90,47.91,120.96,215.11,2
8,C08,L_T40 (0.75) ,50.90,29.30,129.09,229.57,2
8,C09,L_T40 (2.0) ,50.90,43.94,142.90,254.13,2
8,C10,L_T40 (2.0) ,50.90,30.25,155.76,277.01,2
8,C11,L_T40 (4.0) ,50.90,36.04,139.14,247.45,2
8,C12,L_T40 (4.0) ,50.90,27.70,126.78,225.46,2
8,D01,L_T40 (1.0) ,50.90,46.75,130.14,231.45,2
8,D02,L_T40 (1.0) ,50.90,40.07,141.93,252.41,2
8,D03,L_T40 (0.25) ,50.90,38.46,143.87,255.85,2
8,D04,L_T40 (0.25) ,50.90,36.62,145.99,259.63,2
8,D05,L_T40 (0.5) ,50.90,42.75,155.74,276.97,2
8,D06,L_T40 (0.5) ,50.90,34.04,168.81,300.21,2
8,D07,L_T40 (0.75) ,50.90,36.35,152.36,270.96,2
8,D08,L_T40 (0.75) ,50.90,44.04,155.47,276.48,2
8,D09,L_T40 (2.0) ,50.90,46.83,139.69,248.42,2
8,D10,L_T40 (2.0) ,50.90,45.43,165.84,294.92,2
8,D11,L_T40 (4.0) ,50.90,43.33,172.40,306.60,2
8,D12,L_T40 (4.0) ,50.90,44.03,161.63,287.43,2
8,E01,L_T40 (1.0) ,50.90,7.37,10.85,19.30,2
8,E02,L_T40 (1.0) ,50.90,8.14,10.98,19.53,2
8,E03,L_T40 (0.25) ,50.90,3.37,9.95,17.69,2
8,E04,L_T40 (0.25) ,50.90,5.60,9.94,17.68,2
8,E05,L_T40 (0.5) ,50.90,3.78,8.91,15.85,2
8,E06,L_T40 (0.5) ,50.90,5.55,9.05,16.09,2
8,E07,L_T40 (0.75) ,50.90,1.11,10.52,18.71,2
8,E08,L_T40 (0.75) ,50.90,-5.85,10.20,18.14,2
8,E09,L_T40 (2.0) ,50.90,2.71,7.75,13.79,2
8,E10,L_T40 (2.0) ,50.90,0.68,9.48,16.86,2
8,E11,L_T40 (4.0) ,50.90,4.66,8.69,15.45,2
8,E12,L_T40 (4.0) ,50.90,6.75,8.87,15.77,2
8,F01,L_T40 (1.0) ,50.90,26.21,94.28,167.67,2
8,F02,L_T40 (1.0) ,50.90,42.00,112.49,200.05,2
8,F03,L_T40 (0.25) ,50.90,24.94,101.47,180.46,2
8,F04,L_T40 (0.25) ,50.90,14.64,102.45,182.20,2
8,F05,L_T40 (0.5) ,50.90,20.38,106.71,189.77,2
8,F06,L_T40 (0.5) ,50.90,23.88,110.94,197.29,2
8,F07,L_T40 (0.75) ,50.90,21.51,113.30,201.49,2
8,F08,L_T40 (0.75) ,50.90,18.21,113.22,201.34,2
8,F09,L_T40 (2.0) ,50.90,30.90,112.55,200.17,2
8,F10,L_T40 (2.0) ,50.90,28.58,113.66,202.14,2
8,F11,L_T40 (4.0) ,50.90,26.17,96.97,172.46,2
8,F12,L_T40 (4.0) ,50.90,-1.98,88.47,157.33,2
8,G01,L_T40 (1.0) ,50.90,13.79,6.41,11.40,2
8,G02,L_T40 (1.0) ,50.90,4.56,7.72,13.72,2
8,G03,L_T40 (0.25) ,50.90,2.70,6.88,12.23,2
8,G04,L_T40 (0.25) ,50.90,-3.21,7.78,13.84,2
8,G05,L_T40 (0.5) ,50.90,1.46,6.34,11.28,2
8,G06,L_T40 (0.5) ,50.90,4.49,6.79,12.07,2
8,G07,L_T40 (0.75) ,50.90,1.51,7.20,12.81,2
8,G08,L_T40 (0.75) ,50.90,-2.33,9.21,16.37,2
8,G09,L_T40 (2.0) ,50.90,1.69,6.11,10.87,2
8,G10,L_T40 (2.0) ,50.90,1.80,6.62,11.77,2
8,G11,L_T40 (4.0) ,50.90,4.26,6.33,11.25,2
8,G12,L_T40 (4.0) ,50.90,5.03,6.02,10.71,2
8,H01,Background,50.90,0.00,0.00,0.00,
8,H02,L_T (1.0),50.90,22.79,9.46,16.82,7
8,H03,ERROR,50.90,47.66,7.62,13.55,7
8,H04,L_T (0.25),50.90,14.12,11.96,21.26,7
8,H05,L_T (0.5),50.90,19.63,9.92,17.65,7
8,H06,L_T (0.5),50.90,24.46,17.07,30.36,7
8,H07,L_T (0.75),50.90,18.37,13.67,24.30,7
8,H08,L_T (0.75),50.90,20.23,16.66,29.63,7
8,H09,L_T (2.0),50.90,60.65,13.13,23.35,5.88
8,H10,L_T (2.0),50.90,53.96,12.12,21.56,5.88
8,H11,L_T (4.0),50.90,46.36,11.35,20.19,5.04
8,H12,Background,50.90,0.00,0.00,0.00,
9,A01,Background,58.67,0.00,0.00,0.00,
9,A02,L_T40 (1.0) ,58.67,19.27,14.75,26.23,2
9,A03,L_T40 (0.25) ,58.67,24.70,13.87,24.66,2
9,A04,L_T40 (0.25) ,58.67,-29.02,10.90,19.38,2
9,A05,L_T40 (0.5) ,58.67,22.27,14.21,25.27,2
9,A06,L_T40 (0.5) ,58.67,21.15,14.09,25.06,2
9,A07,L_T40 (0.75) ,58.67,21.66,14.34,25.50,2
9,A08,L_T40 (0.75) ,58.67,21.53,14.61,25.98,2
9,A09,L_T40 (2.0) ,58.67,-1.74,12.73,22.63,2
9,A10,L_T40 (2.0) ,58.67,6.14,10.90,19.38,2
9,A11,L_T40 (4.0) ,58.67,31.45,14.01,24.92,2
9,A12,Background,58.67,0.00,0.00,0.00,
9,B01,L_T40 (1.0) ,58.67,103.15,90.39,160.75,2
9,B02,L_T40 (1.0) ,58.67,22.21,14.53,25.85,2
9,B03,L_T40 (0.25) ,58.67,21.08,14.52,25.82,2
9,B04,L_T40 (0.25) ,58.67,106.21,130.28,231.70,2
9,B05,L_T40 (0.5) ,58.67,21.91,12.29,21.86,2
9,B06,L_T40 (0.5) ,58.67,92.16,114.10,202.92,2
9,B07,L_T40 (0.75) ,58.67,22.33,13.17,23.42,2
9,B08,L_T40 (0.75) ,58.67,78.37,123.52,219.67,2
9,B09,L_T40 (2.0) ,58.67,26.86,13.41,23.85,2
9,B10,L_T40 (2.0) ,58.67,89.42,112.16,199.47,2
9,B11,L_T40 (4.0) ,58.67,27.50,10.58,18.82,2
9,B12,L_T40 (4.0) ,58.67,36.13,92.25,164.06,2
9,C01,L_T40 (1.0) ,58.67,51.49,90.23,160.46,2
9,C02,L_T40 (1.0) ,58.67,83.24,96.55,171.70,2
9,C03,L_T40 (0.25) ,58.67,96.31,97.42,173.26,2
9,C04,L_T40 (0.25) ,58.67,87.93,127.71,227.12,2
9,C05,L_T40 (0.5) ,58.67,83.08,94.11,167.36,2
9,C06,L_T40 (0.5) ,58.67,90.02,131.37,233.64,2
9,C07,L_T40 (0.75) ,58.67,88.38,116.87,207.84,2
9,C08,L_T40 (0.75) ,58.67,68.97,110.78,197.01,2
9,C09,L_T40 (2.0) ,58.67,70.04,111.03,197.46,2
9,C10,L_T40 (2.0) ,58.67,80.30,133.51,237.43,2
9,C11,L_T40 (4.0) ,58.67,82.77,102.73,182.70,2
9,C12,L_T40 (4.0) ,58.67,60.25,92.99,165.37,2
9,D01,L_T40 (1.0) ,58.67,142.13,128.23,228.04,2
9,D02,L_T40 (1.0) ,58.67,121.68,126.93,225.74,2
9,D03,L_T40 (0.25) ,58.67,165.20,162.36,288.75,2
9,D04,L_T40 (0.25) ,58.67,129.52,143.12,254.53,2
9,D05,L_T40 (0.5) ,58.67,130.34,136.70,243.10,2
9,D06,L_T40 (0.5) ,58.67,143.01,175.70,312.46,2
9,D07,L_T40 (0.75) ,58.67,110.07,142.33,253.13,2
9,D08,L_T40 (0.75) ,58.67,113.94,132.34,235.34,2
9,D09,L_T40 (2.0) ,58.67,107.15,106.82,189.97,2
9,D10,L_T40 (2.0) ,58.67,129.83,146.01,259.67,2
9,D11,L_T40 (4.0) ,58.67,126.27,159.40,283.48,2
9,D12,L_T40 (4.0) ,58.67,107.73,118.90,211.45,2
9,E01,L_T40 (1.0) ,58.67,28.74,12.81,22.78,2
9,E02,L_T40 (1.0) ,58.67,32.70,16.56,29.46,2
9,E03,L_T40 (0.25) ,58.67,17.61,12.25,21.79,2
9,E04,L_T40 (0.25) ,58.67,16.89,11.96,21.27,2
9,E05,L_T40 (0.5) ,58.67,23.22,10.61,18.88,2
9,E06,L_T40 (0.5) ,58.67,19.55,11.18,19.89,2
9,E07,L_T40 (0.75) ,58.67,20.33,12.65,22.50,2
9,E08,L_T40 (0.75) ,58.67,10.59,11.78,20.95,2
9,E09,L_T40 (2.0) ,58.67,23.45,8.98,15.97,2
9,E10,L_T40 (2.0) ,58.67,14.16,8.50,15.12,2
9,E11,L_T40 (4.0) ,58.67,30.22,9.85,17.52,2
9,E12,L_T40 (4.0) ,58.67,30.71,10.17,18.08,2
9,F01,L_T40 (1.0) ,58.67,73.73,79.53,141.43,2
9,F02,L_T40 (1.0) ,58.67,91.50,115.89,206.09,2
9,F03,L_T40 (0.25) ,58.67,83.11,102.47,182.23,2
9,F04,L_T40 (0.25) ,58.67,62.40,92.26,164.08,2
9,F05,L_T40 (0.5) ,58.67,70.34,89.64,159.42,2
9,F06,L_T40 (0.5) ,58.67,84.07,112.51,200.08,2
9,F07,L_T40 (0.75) ,58.67,66.00,108.00,192.07,2
9,F08,L_T40 (0.75) ,58.67,67.68,101.99,181.38,2
9,F09,L_T40 (2.0) ,58.67,67.57,84.35,150.00,2
9,F10,L_T40 (2.0) ,58.67,73.47,104.15,185.22,2
9,F11,L_T40 (4.0) ,58.67,62.20,81.81,145.49,2
9,F12,L_T40 (4.0) ,58.67,31.08,76.63,136.28,2
9,G01,L_T40 (1.0) ,58.67,15.58,6.86,12.20,2
9,G02,L_T40 (1.0) ,58.67,15.75,10.17,18.08,2
9,G03,L_T40 (0.25) ,58.67,3.07,8.00,14.24,2
9,G04,L_T40 (0.25) ,58.67,1.81,10.93,19.44,2
9,G05,L_T40 (0.5) ,58.67,10.20,6.83,12.15,2
9,G06,L_T40 (0.5) ,58.67,10.59,8.40,14.94,2
9,G07,L_T40 (0.75) ,58.67,12.46,8.95,15.92,2
9,G08,L_T40 (0.75) ,58.67,4.71,9.77,17.38,2
9,G09,L_T40 (2.0) ,58.67,14.99,7.05,12.53,2
9,G10,L_T40 (2.0) ,58.67,13.74,7.10,12.63,2
9,G11,L_T40 (4.0) ,58.67,17.85,8.24,14.66,2
9,G12,L_T40 (4.0) ,58.67,23.56,7.63,13.57,2
9,H01,Background,58.67,0.00,0.00,0.00,
9,H02,L_T (1.0),58.67,61.65,19.01,33.80,7
9,H03,ERROR,58.67,62.15,14.23,25.30,7
9,H04,L_T (0.25),58.67,69.98,23.61,41.98,7
9,H05,L_T (0.5),58.67,94.81,21.20,37.70,7
9,H06,L_T (0.5),58.67,120.87,37.29,66.32,7
9,H07,L_T (0.75),58.67,81.73,24.58,43.72,7
9,H08,L_T (0.75),58.67,121.53,33.95,60.38,7
9,H09,L_T (2.0),58.67,79.69,21.33,37.93,5.88
9,H10,L_T (2.0),58.67,82.49,20.21,35.93,5.88
9,H11,L_T (4.0),58.67,67.73,20.30,36.10,5.04
9,H12,Background,58.67,0.00,0.00,0.00,
10,A01,Background,66.78,0.00,0.00,0.00,
10,A02,L_T40 (1.0) ,66.78,16.05,14.67,26.09,2
10,A03,L_T40 (0.25) ,66.78,22.63,13.81,24.57,2
10,A04,L_T40 (0.25) ,66.78,-32.71,10.97,19.51,2
10,A05,L_T40 (0.5) ,66.78,19.45,13.37,23.77,2
10,A06,L_T40 (0.5) ,66.78,17.41,13.07,23.25,2
10,A07,L_T40 (0.75) ,66.78,15.16,14.29,25.41,2
10,A08,L_T40 (0.75) ,66.78,22.00,14.66,26.07,2
10,A09,L_T40 (2.0) ,66.78,-9.94,11.88,21.12,2
10,A10,L_T40 (2.0) ,66.78,-0.28,11.19,19.90,2
10,A11,L_T40 (4.0) ,66.78,28.82,14.61,25.98,2
10,A12,Background,66.78,0.00,0.00,0.00,
10,B01,L_T40 (1.0) ,66.78,107.90,94.96,168.87,2
10,B02,L_T40 (1.0) ,66.78,19.61,13.37,23.78,2
10,B03,L_T40 (0.25) ,66.78,16.08,15.62,27.79,2
10,B04,L_T40 (0.25) ,66.78,106.93,132.86,236.27,2
10,B05,L_T40 (0.5) ,66.78,16.84,12.20,21.69,2
10,B06,L_T40 (0.5) ,66.78,90.72,123.19,219.07,2
10,B07,L_T40 (0.75) ,66.78,25.46,13.21,23.50,2
10,B08,L_T40 (0.75) ,66.78,74.59,128.71,228.89,2
10,B09,L_T40 (2.0) ,66.78,17.85,14.58,25.93,2
10,B10,L_T40 (2.0) ,66.78,84.63,126.34,224.69,2
10,B11,L_T40 (4.0) ,66.78,20.48,12.07,21.47,2
10,B12,L_T40 (4.0) ,66.78,30.17,103.19,183.51,2
10,C01,L_T40 (1.0) ,66.78,51.97,97.51,173.41,2
10,C02,L_T40 (1.0) ,66.78,81.60,104.36,185.60,2
10,C03,L_T40 (0.25) ,66.78,95.58,106.69,189.75,2
10,C04,L_T40 (0.25) ,66.78,87.77,134.28,238.80,2
10,C05,L_T40 (0.5) ,66.78,82.18,103.80,184.60,2
10,C06,L_T40 (0.5) ,66.78,89.18,137.63,244.77,2
10,C07,L_T40 (0.75) ,66.78,87.79,122.53,217.91,2
10,C08,L_T40 (0.75) ,66.78,66.88,120.85,214.93,2
10,C09,L_T40 (2.0) ,66.78,66.76,125.30,222.84,2
10,C10,L_T40 (2.0) ,66.78,75.53,139.90,248.80,2
10,C11,L_T40 (4.0) ,66.78,77.13,117.43,208.83,2
10,C12,L_T40 (4.0) ,66.78,56.93,102.01,181.41,2
10,D01,L_T40 (1.0) ,66.78,140.71,131.43,233.74,2
10,D02,L_T40 (1.0) ,66.78,114.92,133.12,236.75,2
10,D03,L_T40 (0.25) ,66.78,164.80,153.57,273.10,2
10,D04,L_T40 (0.25) ,66.78,131.28,145.03,257.92,2
10,D05,L_T40 (0.5) ,66.78,129.90,142.30,253.07,2
10,D06,L_T40 (0.5) ,66.78,139.28,180.25,320.56,2
10,D07,L_T40 (0.75) ,66.78,104.78,148.31,263.75,2
10,D08,L_T40 (0.75) ,66.78,113.19,146.22,260.03,2
10,D09,L_T40 (2.0) ,66.78,106.42,126.54,225.03,2
10,D10,L_T40 (2.0) ,66.78,121.10,161.13,286.56,2
10,D11,L_T40 (4.0) ,66.78,118.18,173.02,307.70,2
10,D12,L_T40 (4.0) ,66.78,99.95,140.90,250.59,2
10,E01,L_T40 (1.0) ,66.78,17.53,11.97,21.28,2
10,E02,L_T40 (1.0) ,66.78,20.57,15.12,26.90,2
10,E03,L_T40 (0.25) ,66.78,14.98,11.43,20.33,2
10,E04,L_T40 (0.25) ,66.78,11.55,11.21,19.93,2
10,E05,L_T40 (0.5) ,66.78,15.12,10.25,18.22,2
10,E06,L_T40 (0.5) ,66.78,14.27,10.71,19.04,2
10,E07,L_T40 (0.75) ,66.78,10.17,12.25,21.79,2
10,E08,L_T40 (0.75) ,66.78,1.19,12.17,21.64,2
10,E09,L_T40 (2.0) ,66.78,13.17,9.23,16.41,2
10,E10,L_T40 (2.0) ,66.78,8.83,8.52,15.16,2
10,E11,L_T40 (4.0) ,66.78,20.19,8.74,15.54,2
10,E12,L_T40 (4.0) ,66.78,17.37,10.81,19.22,2
10,F01,L_T40 (1.0) ,66.78,69.97,87.67,155.92,2
10,F02,L_T40 (1.0) ,66.78,90.85,115.05,204.61,2
10,F03,L_T40 (0.25) ,66.78,77.37,105.32,187.29,2
10,F04,L_T40 (0.25) ,66.78,61.19,101.21,179.99,2
10,F05,L_T40 (0.5) ,66.78,68.00,95.09,169.10,2
10,F06,L_T40 (0.5) ,66.78,80.19,112.03,199.24,2
10,F07,L_T40 (0.75) ,66.78,62.62,111.61,198.49,2
10,F08,L_T40 (0.75) ,66.78,67.77,110.48,196.48,2
10,F09,L_T40 (2.0) ,66.78,65.07,98.66,175.46,2
10,F10,L_T40 (2.0) ,66.78,70.43,112.05,199.27,2
10,F11,L_T40 (4.0) ,66.78,57.45,92.74,164.93,2
10,F12,L_T40 (4.0) ,66.78,21.04,84.79,150.79,2
10,G01,L_T40 (1.0) ,66.78,11.39,5.45,9.69,2
10,G02,L_T40 (1.0) ,66.78,10.94,8.51,15.13,2
10,G03,L_T40 (0.25) ,66.78,4.85,6.65,11.83,2
10,G04,L_T40 (0.25) ,66.78,2.45,9.58,17.03,2
10,G05,L_T40 (0.5) ,66.78,5.37,6.99,12.43,2
10,G06,L_T40 (0.5) ,66.78,6.44,7.59,13.50,2
10,G07,L_T40 (0.75) ,66.78,6.01,7.34,13.05,2
10,G08,L_T40 (0.75) ,66.78,4.76,9.92,17.64,2
10,G09,L_T40 (2.0) ,66.78,7.93,5.81,10.33,2
10,G10,L_T40 (2.0) ,66.78,8.18,7.49,13.31,2
10,G11,L_T40 (4.0) ,66.78,9.39,7.21,12.83,2
10,G12,L_T40 (4.0) ,66.78,13.06,7.43,13.21,2
10,H01,Background,66.78,0.00,0.00,0.00,
10,H02,L_T (1.0),66.78,63.48,20.59,36.62,7
10,H03,ERROR,66.78,65.91,17.12,30.44,7
10,H04,L_T (0.25),66.78,64.52,24.74,44.01,7
10,H05,L_T (0.5),66.78,104.99,23.21,41.28,7
10,H06,L_T (0.5),66.78,123.92,38.71,68.84,7
10,H07,L_T (0.75),66.78,96.79,28.65,50.95,7
10,H08,L_T (0.75),66.78,109.04,35.56,63.23,7
10,H09,L_T (2.0),66.78,88.46,27.19,48.36,5.88
10,H10,L_T (2.0),66.78,98.65,24.83,44.16,5.88
10,H11,L_T (4.0),66.78,76.41,25.12,44.67,5.04
10,H12,Background,66.78,0.00,0.00,0.00,
11,A01,Background,74.90,0.00,0.00,0.00,
11,A02,L_T40 (1.0) ,74.90,16.36,13.73,24.42,2
11,A03,L_T40 (0.25) ,74.90,28.02,14.04,24.96,2
11,A04,L_T40 (0.25) ,74.90,-38.44,9.86,17.53,2
11,A05,L_T40 (0.5) ,74.90,18.09,12.45,22.14,2
11,A06,L_T40 (0.5) ,74.90,13.58,11.67,20.75,2
11,A07,L_T40 (0.75) ,74.90,16.29,11.52,20.48,2
11,A08,L_T40 (0.75) ,74.90,16.83,13.04,23.19,2
11,A09,L_T40 (2.0) ,74.90,-11.52,11.57,20.57,2
11,A10,L_T40 (2.0) ,74.90,-4.81,7.74,13.76,2
11,A11,L_T40 (4.0) ,74.90,24.22,12.81,22.79,2
11,A12,Background,74.90,0.00,0.00,0.00,
11,B01,L_T40 (1.0) ,74.90,105.25,85.30,151.70,2
11,B02,L_T40 (1.0) ,74.90,17.89,13.32,23.69,2
11,B03,L_T40 (0.25) ,74.90,14.52,14.02,24.93,2
11,B04,L_T40 (0.25) ,74.90,103.55,127.92,227.50,2
11,B05,L_T40 (0.5) ,74.90,16.44,12.51,22.24,2
11,B06,L_T40 (0.5) ,74.90,90.96,119.39,212.32,2
11,B07,L_T40 (0.75) ,74.90,25.61,11.51,20.46,2
11,B08,L_T40 (0.75) ,74.90,74.31,131.30,233.51,2
11,B09,L_T40 (2.0) ,74.90,15.58,13.63,24.25,2
11,B10,L_T40 (2.0) ,74.90,82.59,126.55,225.05,2
11,B11,L_T40 (4.0) ,74.90,15.15,10.89,19.36,2
11,B12,L_T40 (4.0) ,74.90,27.73,96.08,170.87,2
11,C01,L_T40 (1.0) ,74.90,52.53,90.01,160.07,2
11,C02,L_T40 (1.0) ,74.90,77.84,101.59,180.66,2
11,C03,L_T40 (0.25) ,74.90,94.96,106.00,188.51,2
11,C04,L_T40 (0.25) ,74.90,86.47,130.84,232.69,2
11,C05,L_T40 (0.5) ,74.90,81.34,103.24,183.61,2
11,C06,L_T40 (0.5) ,74.90,89.68,138.48,246.28,2
11,C07,L_T40 (0.75) ,74.90,88.55,121.31,215.74,2
11,C08,L_T40 (0.75) ,74.90,66.68,124.02,220.56,2
11,C09,L_T40 (2.0) ,74.90,64.09,125.82,223.75,2
11,C10,L_T40 (2.0) ,74.90,71.06,140.00,248.97,2
11,C11,L_T40 (4.0) ,74.90,69.46,117.82,209.53,2
11,C12,L_T40 (4.0) ,74.90,54.01,94.50,168.05,2
11,D01,L_T40 (1.0) ,74.90,144.24,113.45,201.76,2
11,D02,L_T40 (1.0) ,74.90,111.28,129.75,230.76,2
11,D03,L_T40 (0.25) ,74.90,161.71,150.02,266.80,2
11,D04,L_T40 (0.25) ,74.90,127.07,138.55,246.39,2
11,D05,L_T40 (0.5) ,74.90,128.43,142.10,252.71,2
11,D06,L_T40 (0.5) ,74.90,139.38,181.39,322.58,2
11,D07,L_T40 (0.75) ,74.90,103.90,149.06,265.08,2
11,D08,L_T40 (0.75) ,74.90,111.89,149.54,265.95,2
11,D09,L_T40 (2.0) ,74.90,102.21,126.61,225.17,2
11,D10,L_T40 (2.0) ,74.90,115.33,161.43,287.09,2
11,D11,L_T40 (4.0) ,74.90,109.46,171.04,304.17,2
11,D12,L_T40 (4.0) ,74.90,91.44,140.29,249.49,2
11,E01,L_T40 (1.0) ,74.90,18.08,10.03,17.84,2
11,E02,L_T40 (1.0) ,74.90,20.38,14.70,26.14,2
11,E03,L_T40 (0.25) ,74.90,13.79,11.73,20.86,2
11,E04,L_T40 (0.25) ,74.90,10.44,12.51,22.25,2
11,E05,L_T40 (0.5) ,74.90,13.97,10.99,19.54,2
11,E06,L_T40 (0.5) ,74.90,10.91,11.30,20.09,2
11,E07,L_T40 (0.75) ,74.90,8.90,10.99,19.55,2
11,E08,L_T40 (0.75) ,74.90,-3.55,11.77,20.94,2
11,E09,L_T40 (2.0) ,74.90,12.72,9.40,16.71,2
11,E10,L_T40 (2.0) ,74.90,10.20,8.40,14.93,2
11,E11,L_T40 (4.0) ,74.90,18.83,9.20,16.37,2
11,E12,L_T40 (4.0) ,74.90,16.26,9.47,16.84,2
11,F01,L_T40 (1.0) ,74.90,68.42,79.18,140.81,2
11,F02,L_T40 (1.0) ,74.90,89.10,112.32,199.76,2
11,F03,L_T40 (0.25) ,74.90,74.52,103.33,183.76,2
11,F04,L_T40 (0.25) ,74.90,56.58,101.47,180.45,2
11,F05,L_T40 (0.5) ,74.90,67.29,94.67,168.37,2
11,F06,L_T40 (0.5) ,74.90,79.90,113.25,201.41,2
11,F07,L_T40 (0.75) ,74.90,61.75,109.58,194.87,2
11,F08,L_T40 (0.75) ,74.90,66.09,109.83,195.32,2
11,F09,L_T40 (2.0) ,74.90,62.93,101.85,181.12,2
11,F10,L_T40 (2.0) ,74.90,65.83,112.94,200.85,2
11,F11,L_T40 (4.0) ,74.90,53.07,93.58,166.43,2
11,F12,L_T40 (4.0) ,74.90,20.79,80.80,143.70,2
11,G01,L_T40 (1.0) ,74.90,10.36,5.64,10.02,2
11,G02,L_T40 (1.0) ,74.90,10.31,7.03,12.50,2
11,G03,L_T40 (0.25) ,74.90,4.98,7.13,12.67,2
11,G04,L_T40 (0.25) ,74.90,-0.31,8.91,15.84,2
11,G05,L_T40 (0.5) ,74.90,6.00,6.23,11.07,2
11,G06,L_T40 (0.5) ,74.90,8.06,7.78,13.84,2
11,G07,L_T40 (0.75) ,74.90,5.50,6.18,10.99,2
11,G08,L_T40 (0.75) ,74.90,2.64,9.10,16.19,2
11,G09,L_T40 (2.0) ,74.90,6.80,6.23,11.08,2
11,G10,L_T40 (2.0) ,74.90,9.50,6.64,11.82,2
11,G11,L_T40 (4.0) ,74.90,9.03,5.89,10.47,2
11,G12,L_T40 (4.0) ,74.90,13.16,6.48,11.52,2
11,H01,Background,74.90,0.00,0.00,0.00,
11,H02,L_T (1.0),74.90,74.45,23.82,42.37,7
11,H03,ERROR,74.90,69.66,19.09,33.96,7
11,H04,L_T (0.25),74.90,77.12,27.28,48.51,7
11,H05,L_T (0.5),74.90,108.47,25.81,45.91,7
11,H06,L_T (0.5),74.90,111.80,38.70,68.82,7
11,H07,L_T (0.75),74.90,92.37,28.00,49.79,7
11,H08,L_T (0.75),74.90,106.12,35.84,63.74,7
11,H09,L_T (2.0),74.90,96.54,30.56,54.35,5.88
11,H10,L_T (2.0),74.90,93.82,29.77,52.94,5.88
11,H11,L_T (4.0),74.90,77.26,26.96,47.95,5.04
11,H12,Background,74.90,0.00,0.00,0.00,
12,A01,Background,83.28,0.00,0.00,0.00,
12,A02,L_T40 (1.0) ,83.28,3.81,10.91,19.41,2
12,A03,L_T40 (0.25) ,83.28,12.36,10.12,18.00,2
12,A04,L_T40 (0.25) ,83.28,-48.21,7.51,13.35,2
12,A05,L_T40 (0.5) ,83.28,6.16,10.49,18.66,2
12,A06,L_T40 (0.5) ,83.28,6.45,10.84,19.28,2
12,A07,L_T40 (0.75) ,83.28,1.48,10.29,18.29,2
12,A08,L_T40 (0.75) ,83.28,8.42,12.50,22.23,2
12,A09,L_T40 (2.0) ,83.28,-23.42,10.05,17.87,2
12,A10,L_T40 (2.0) ,83.28,-14.93,8.61,15.31,2
12,A11,L_T40 (4.0) ,83.28,17.57,10.45,18.58,2
12,A12,Background,83.28,0.00,0.00,0.00,
12,B01,L_T40 (1.0) ,83.28,27.65,76.69,136.38,2
12,B02,L_T40 (1.0) ,83.28,5.64,9.30,16.54,2
12,B03,L_T40 (0.25) ,83.28,5.90,10.46,18.61,2
12,B04,L_T40 (0.25) ,83.28,11.77,104.67,186.15,2
12,B05,L_T40 (0.5) ,83.28,5.21,9.69,17.23,2
12,B06,L_T40 (0.5) ,83.28,12.41,97.93,174.16,2
12,B07,L_T40 (0.75) ,83.28,15.81,10.08,17.92,2
12,B08,L_T40 (0.75) ,83.28,11.46,124.28,221.03,2
12,B09,L_T40 (2.0) ,83.28,1.86,11.29,20.08,2
12,B10,L_T40 (2.0) ,83.28,12.65,116.50,207.19,2
12,B11,L_T40 (4.0) ,83.28,4.40,8.02,14.26,2
12,B12,L_T40 (4.0) ,83.28,-24.28,92.71,164.87,2
12,C01,L_T40 (1.0) ,83.28,-18.62,83.22,148.00,2
12,C02,L_T40 (1.0) ,83.28,16.65,93.30,165.93,2
12,C03,L_T40 (0.25) ,83.28,17.95,100.01,177.86,2
12,C04,L_T40 (0.25) ,83.28,5.86,108.81,193.50,2
12,C05,L_T40 (0.5) ,83.28,12.58,97.58,173.54,2
12,C06,L_T40 (0.5) ,83.28,15.42,109.33,194.44,2
12,C07,L_T40 (0.75) ,83.28,11.71,93.89,166.98,2
12,C08,L_T40 (0.75) ,83.28,10.11,112.62,200.28,2
12,C09,L_T40 (2.0) ,83.28,25.15,111.15,197.67,2
12,C10,L_T40 (2.0) ,83.28,20.03,128.98,229.38,2
12,C11,L_T40 (4.0) ,83.28,14.94,97.14,172.76,2
12,C12,L_T40 (4.0) ,83.28,13.21,95.95,170.64,2
12,D01,L_T40 (1.0) ,83.28,26.11,99.83,177.54,2
12,D02,L_T40 (1.0) ,83.28,18.85,157.10,279.39,2
12,D03,L_T40 (0.25) ,83.28,21.57,141.19,251.09,2
12,D04,L_T40 (0.25) ,83.28,18.40,159.82,284.23,2
12,D05,L_T40 (0.5) ,83.28,19.88,144.92,257.73,2
12,D06,L_T40 (0.5) ,83.28,9.27,150.95,268.45,2
12,D07,L_T40 (0.75) ,83.28,13.63,150.37,267.41,2
12,D08,L_T40 (0.75) ,83.28,21.37,133.71,237.79,2
12,D09,L_T40 (2.0) ,83.28,38.11,108.43,192.83,2
12,D10,L_T40 (2.0) ,83.28,18.03,140.28,249.47,2
12,D11,L_T40 (4.0) ,83.28,39.41,154.49,274.75,2
12,D12,L_T40 (4.0) ,83.28,26.31,135.50,240.97,2
12,E01,L_T40 (1.0) ,83.28,14.10,8.34,14.84,2
12,E02,L_T40 (1.0) ,83.28,11.76,9.94,17.68,2
12,E03,L_T40 (0.25) ,83.28,8.56,8.65,15.39,2
12,E04,L_T40 (0.25) ,83.28,0.54,8.68,15.43,2
12,E05,L_T40 (0.5) ,83.28,2.24,7.42,13.19,2
12,E06,L_T40 (0.5) ,83.28,6.73,7.65,13.61,2
12,E07,L_T40 (0.75) ,83.28,1.11,8.76,15.58,2
12,E08,L_T40 (0.75) ,83.28,-7.89,9.19,16.34,2
12,E09,L_T40 (2.0) ,83.28,8.11,6.62,11.78,2
12,E10,L_T40 (2.0) ,83.28,-6.21,7.69,13.68,2
12,E11,L_T40 (4.0) ,83.28,1.00,7.48,13.31,2
12,E12,L_T40 (4.0) ,83.28,5.30,8.01,14.24,2
12,F01,L_T40 (1.0) ,83.28,23.65,88.59,157.55,2
12,F02,L_T40 (1.0) ,83.28,20.12,95.75,170.28,2
12,F03,L_T40 (0.25) ,83.28,17.50,87.50,155.61,2
12,F04,L_T40 (0.25) ,83.28,3.59,111.21,197.78,2
12,F05,L_T40 (0.5) ,83.28,11.23,79.24,140.93,2
12,F06,L_T40 (0.5) ,83.28,10.43,97.39,173.19,2
12,F07,L_T40 (0.75) ,83.28,8.68,86.21,153.31,2
12,F08,L_T40 (0.75) ,83.28,3.94,79.92,142.14,2
12,F09,L_T40 (2.0) ,83.28,16.41,76.77,136.53,2
12,F10,L_T40 (2.0) ,83.28,14.36,81.92,145.68,2
12,F11,L_T40 (4.0) ,83.28,6.49,59.83,106.40,2
12,F12,L_T40 (4.0) ,83.28,-13.87,73.07,129.94,2
12,G01,L_T40 (1.0) ,83.28,12.73,5.26,9.36,2
12,G02,L_T40 (1.0) ,83.28,9.12,6.51,11.58,2
12,G03,L_T40 (0.25) ,83.28,13.49,5.75,10.23,2
12,G04,L_T40 (0.25) ,83.28,-4.22,7.48,13.30,2
12,G05,L_T40 (0.5) ,83.28,-0.27,5.71,10.15,2
12,G06,L_T40 (0.5) ,83.28,3.63,6.27,11.15,2
12,G07,L_T40 (0.75) ,83.28,0.20,6.15,10.94,2
12,G08,L_T40 (0.75) ,83.28,-2.87,7.35,13.07,2
12,G09,L_T40 (2.0) ,83.28,1.15,5.32,9.46,2
12,G10,L_T40 (2.0) ,83.28,-1.75,5.36,9.53,2
12,G11,L_T40 (4.0) ,83.28,4.07,5.25,9.33,2
12,G12,L_T40 (4.0) ,83.28,3.37,5.92,10.53,2
12,H01,Background,83.28,0.00,0.00,0.00,
12,H02,L_T (1.0),83.28,21.11,11.65,20.71,7
12,H03,ERROR,83.28,47.89,11.07,19.68,7
12,H04,L_T (0.25),83.28,9.87,12.82,22.80,7
12,H05,L_T (0.5),83.28,16.64,11.98,21.31,7
12,H06,L_T (0.5),83.28,20.78,22.54,40.09,7
12,H07,L_T (0.75),83.28,16.17,19.78,35.18,7
12,H08,L_T (0.75),83.28,17.44,20.43,36.33,7
12,H09,L_T (2.0),83.28,59.11,18.13,32.24,5.88
12,H10,L_T (2.0),83.28,50.23,19.79,35.19,5.88
12,H11,L_T (4.0),83.28,45.24,15.03,26.72,5.04
12,H12,Background,83.28,0.00,0.00,0.00,
13,A01,Background,89.70,0.00,0.00,0.00,
13,A02,L_T40 (1.0) ,89.70,2.92,10.47,18.62,2
13,A03,L_T40 (0.25) ,89.70,12.88,8.69,15.46,2
13,A04,L_T40 (0.25) ,89.70,-47.00,6.93,12.33,2
13,A05,L_T40 (0.5) ,89.70,8.27,9.60,17.08,2
13,A06,L_T40 (0.5) ,89.70,7.14,9.70,17.25,2
13,A07,L_T40 (0.75) ,89.70,0.93,9.27,16.48,2
13,A08,L_T40 (0.75) ,89.70,9.52,11.22,19.96,2
13,A09,L_T40 (2.0) ,89.70,-22.26,8.80,15.65,2
13,A10,L_T40 (2.0) ,89.70,-13.31,6.45,11.46,2
13,A11,L_T40 (4.0) ,89.70,19.12,9.43,16.76,2
13,A12,Background,89.70,0.00,0.00,0.00,
13,B01,L_T40 (1.0) ,89.70,28.58,78.73,140.02,2
13,B02,L_T40 (1.0) ,89.70,5.59,9.99,17.77,2
13,B03,L_T40 (0.25) ,89.70,9.24,9.04,16.07,2
13,B04,L_T40 (0.25) ,89.70,10.67,101.02,179.66,2
13,B05,L_T40 (0.5) ,89.70,6.54,8.35,14.85,2
13,B06,L_T40 (0.5) ,89.70,10.55,92.66,164.79,2
13,B07,L_T40 (0.75) ,89.70,18.26,9.21,16.38,2
13,B08,L_T40 (0.75) ,89.70,11.31,118.75,211.19,2
13,B09,L_T40 (2.0) ,89.70,2.63,9.93,17.66,2
13,B10,L_T40 (2.0) ,89.70,13.40,111.14,197.65,2
13,B11,L_T40 (4.0) ,89.70,5.44,8.57,15.24,2
13,B12,L_T40 (4.0) ,89.70,-25.23,87.01,154.73,2
13,C01,L_T40 (1.0) ,89.70,-17.28,82.69,147.06,2
13,C02,L_T40 (1.0) ,89.70,17.09,90.04,160.13,2
13,C03,L_T40 (0.25) ,89.70,19.36,91.67,163.02,2
13,C04,L_T40 (0.25) ,89.70,5.13,104.80,186.38,2
13,C05,L_T40 (0.5) ,89.70,11.30,92.58,164.64,2
13,C06,L_T40 (0.5) ,89.70,14.11,104.17,185.25,2
13,C07,L_T40 (0.75) ,89.70,11.99,87.19,155.05,2
13,C08,L_T40 (0.75) ,89.70,10.05,103.02,183.22,2
13,C09,L_T40 (2.0) ,89.70,25.61,108.11,192.25,2
13,C10,L_T40 (2.0) ,89.70,19.98,125.14,222.56,2
13,C11,L_T40 (4.0) ,89.70,14.10,94.54,168.12,2
13,C12,L_T40 (4.0) ,89.70,14.52,92.76,164.97,2
13,D01,L_T40 (1.0) ,89.70,24.72,98.11,174.48,2
13,D02,L_T40 (1.0) ,89.70,19.10,143.33,254.91,2
13,D03,L_T40 (0.25) ,89.70,23.32,130.55,232.17,2
13,D04,L_T40 (0.25) ,89.70,17.81,149.14,265.23,2
13,D05,L_T40 (0.5) ,89.70,20.76,135.44,240.87,2
13,D06,L_T40 (0.5) ,89.70,10.59,141.40,251.47,2
13,D07,L_T40 (0.75) ,89.70,13.11,130.34,231.80,2
13,D08,L_T40 (0.75) ,89.70,14.18,126.72,225.35,2
13,D09,L_T40 (2.0) ,89.70,21.61,105.15,187.00,2
13,D10,L_T40 (2.0) ,89.70,18.84,134.96,240.00,2
13,D11,L_T40 (4.0) ,89.70,23.66,146.93,261.29,2
13,D12,L_T40 (4.0) ,89.70,26.40,127.35,226.48,2
13,E01,L_T40 (1.0) ,89.70,15.47,9.30,16.55,2
13,E02,L_T40 (1.0) ,89.70,13.27,10.24,18.20,2
13,E03,L_T40 (0.25) ,89.70,11.92,7.79,13.85,2
13,E04,L_T40 (0.25) ,89.70,2.34,8.61,15.32,2
13,E05,L_T40 (0.5) ,89.70,3.46,7.23,12.86,2
13,E06,L_T40 (0.5) ,89.70,8.06,7.07,12.57,2
13,E07,L_T40 (0.75) ,89.70,-1.61,8.08,14.37,2
13,E08,L_T40 (0.75) ,89.70,-7.92,7.75,13.79,2
13,E09,L_T40 (2.0) ,89.70,5.81,5.70,10.14,2
13,E10,L_T40 (2.0) ,89.70,-4.66,7.14,12.69,2
13,E11,L_T40 (4.0) ,89.70,1.57,6.52,11.59,2
13,E12,L_T40 (4.0) ,89.70,5.15,7.83,13.92,2
13,F01,L_T40 (1.0) ,89.70,23.88,84.71,150.65,2
13,F02,L_T40 (1.0) ,89.70,20.58,93.20,165.75,2
13,F03,L_T40 (0.25) ,89.70,18.39,86.56,153.94,2
13,F04,L_T40 (0.25) ,89.70,5.89,102.26,181.86,2
13,F05,L_T40 (0.5) ,89.70,11.50,79.40,141.21,2
13,F06,L_T40 (0.5) ,89.70,12.02,95.32,169.52,2
13,F07,L_T40 (0.75) ,89.70,9.00,85.32,151.72,2
13,F08,L_T40 (0.75) ,89.70,5.36,80.71,143.54,2
13,F09,L_T40 (2.0) ,89.70,16.75,77.59,137.99,2
13,F10,L_T40 (2.0) ,89.70,14.86,82.33,146.41,2
13,F11,L_T40 (4.0) ,89.70,7.25,60.13,106.93,2
13,F12,L_T40 (4.0) ,89.70,-14.73,73.25,130.27,2
13,G01,L_T40 (1.0) ,89.70,16.19,3.98,7.09,2
13,G02,L_T40 (1.0) ,89.70,10.99,5.70,10.13,2
13,G03,L_T40 (0.25) ,89.70,16.70,5.20,9.24,2
13,G04,L_T40 (0.25) ,89.70,-2.44,7.07,12.57,2
13,G05,L_T40 (0.5) ,89.70,-0.07,4.46,7.93,2
13,G06,L_T40 (0.5) ,89.70,3.25,5.20,9.24,2
13,G07,L_T40 (0.75) ,89.70,0.51,5.20,9.25,2
13,G08,L_T40 (0.75) ,89.70,-3.66,6.59,11.72,2
13,G09,L_T40 (2.0) ,89.70,1.24,4.38,7.80,2
13,G10,L_T40 (2.0) ,89.70,-1.40,5.00,8.90,2
13,G11,L_T40 (4.0) ,89.70,3.81,4.71,8.38,2
13,G12,L_T40 (4.0) ,89.70,5.06,4.87,8.66,2
13,H01,Background,89.70,0.00,0.00,0.00,
13,H02,L_T (1.0),89.70,22.77,11.36,20.20,7
13,H03,ERROR,89.70,45.23,9.55,16.99,7
13,H04,L_T (0.25),89.70,10.10,12.80,22.77,7
13,H05,L_T (0.5),89.70,16.00,11.44,20.34,7
13,H06,L_T (0.5),89.70,22.16,22.89,40.70,7
13,H07,L_T (0.75),89.70,16.69,20.51,36.48,7
13,H08,L_T (0.75),89.70,16.29,21.21,37.73,7
13,H09,L_T (2.0),89.70,56.67,18.12,32.23,5.88
13,H10,L_T (2.0),89.70,49.68,19.51,34.70,5.88
13,H11,L_T (4.0),89.70,43.18,15.73,27.97,5.04
13,H12,Background,89.70,0.00,0.00,0.00,
14,A01,Background,96.10,0.00,0.00,0.00,
14,A02,L_T40 (1.0) ,96.10,3.86,10.47,18.62,2
14,A03,L_T40 (0.25) ,96.10,13.33,9.63,17.13,2
14,A04,L_T40 (0.25) ,96.10,-47.41,6.32,11.24,2
14,A05,L_T40 (0.5) ,96.10,8.28,10.18,18.10,2
14,A06,L_T40 (0.5) ,96.10,7.45,9.21,16.37,2
14,A07,L_T40 (0.75) ,96.10,2.18,8.72,15.51,2
14,A08,L_T40 (0.75) ,96.10,9.69,11.28,20.06,2
14,A09,L_T40 (2.0) ,96.10,-21.13,8.75,15.56,2
14,A10,L_T40 (2.0) ,96.10,-11.37,6.56,11.66,2
14,A11,L_T40 (4.0) ,96.10,18.11,9.61,17.10,2
14,A12,Background,96.10,0.00,0.00,0.00,
14,B01,L_T40 (1.0) ,96.10,31.52,74.61,132.69,2
14,B02,L_T40 (1.0) ,96.10,5.39,9.68,17.22,2
14,B03,L_T40 (0.25) ,96.10,9.21,9.41,16.73,2
14,B04,L_T40 (0.25) ,96.10,9.21,98.73,175.59,2
14,B05,L_T40 (0.5) ,96.10,5.03,8.86,15.75,2
14,B06,L_T40 (0.5) ,96.10,10.19,90.22,160.46,2
14,B07,L_T40 (0.75) ,96.10,17.93,9.58,17.04,2
14,B08,L_T40 (0.75) ,96.10,12.08,115.31,205.08,2
14,B09,L_T40 (2.0) ,96.10,2.39,9.88,17.57,2
14,B10,L_T40 (2.0) ,96.10,11.38,107.94,191.97,2
14,B11,L_T40 (4.0) ,96.10,4.86,7.39,13.15,2
14,B12,L_T40 (4.0) ,96.10,-27.72,84.19,149.72,2
14,C01,L_T40 (1.0) ,96.10,-16.35,79.07,140.62,2
14,C02,L_T40 (1.0) ,96.10,16.27,87.03,154.78,2
14,C03,L_T40 (0.25) ,96.10,20.74,87.15,154.99,2
14,C04,L_T40 (0.25) ,96.10,4.60,102.59,182.44,2
14,C05,L_T40 (0.5) ,96.10,11.28,89.77,159.65,2
14,C06,L_T40 (0.5) ,96.10,14.72,101.93,181.28,2
14,C07,L_T40 (0.75) ,96.10,11.78,83.55,148.59,2
14,C08,L_T40 (0.75) ,96.10,9.83,97.54,173.47,2
14,C09,L_T40 (2.0) ,96.10,26.46,108.07,192.19,2
14,C10,L_T40 (2.0) ,96.10,19.89,123.35,219.36,2
14,C11,L_T40 (4.0) ,96.10,13.81,92.77,164.98,2
14,C12,L_T40 (4.0) ,96.10,15.30,91.33,162.42,2
14,D01,L_T40 (1.0) ,96.10,24.64,92.28,164.11,2
14,D02,L_T40 (1.0) ,96.10,18.56,137.80,245.06,2
14,D03,L_T40 (0.25) ,96.10,23.11,125.00,222.29,2
14,D04,L_T40 (0.25) ,96.10,16.84,144.93,257.75,2
14,D05,L_T40 (0.5) ,96.10,19.78,131.26,233.43,2
14,D06,L_T40 (0.5) ,96.10,8.75,138.36,246.06,2
14,D07,L_T40 (0.75) ,96.10,11.25,123.36,219.39,2
14,D08,L_T40 (0.75) ,96.10,11.61,123.29,219.26,2
14,D09,L_T40 (2.0) ,96.10,20.87,106.08,188.65,2
14,D10,L_T40 (2.0) ,96.10,17.69,133.24,236.96,2
14,D11,L_T40 (4.0) ,96.10,22.14,147.49,262.29,2
14,D12,L_T40 (4.0) ,96.10,27.96,125.74,223.61,2
14,E01,L_T40 (1.0) ,96.10,18.65,8.25,14.68,2
14,E02,L_T40 (1.0) ,96.10,14.99,10.18,18.11,2
14,E03,L_T40 (0.25) ,96.10,12.11,8.01,14.24,2
14,E04,L_T40 (0.25) ,96.10,2.03,8.96,15.94,2
14,E05,L_T40 (0.5) ,96.10,1.96,7.56,13.44,2
14,E06,L_T40 (0.5) ,96.10,11.77,7.73,13.75,2
14,E07,L_T40 (0.75) ,96.10,-1.61,8.42,14.97,2
14,E08,L_T40 (0.75) ,96.10,-7.68,7.69,13.68,2
14,E09,L_T40 (2.0) ,96.10,6.86,6.84,12.16,2
14,E10,L_T40 (2.0) ,96.10,-4.67,7.60,13.52,2
14,E11,L_T40 (4.0) ,96.10,0.65,6.28,11.17,2
14,E12,L_T40 (4.0) ,96.10,4.83,8.02,14.27,2
14,F01,L_T40 (1.0) ,96.10,23.40,82.29,146.35,2
14,F02,L_T40 (1.0) ,96.10,21.15,90.70,161.29,2
14,F03,L_T40 (0.25) ,96.10,19.99,87.05,154.82,2
14,F04,L_T40 (0.25) ,96.10,4.99,100.53,178.79,2
14,F05,L_T40 (0.5) ,96.10,10.19,80.35,142.90,2
14,F06,L_T40 (0.5) ,96.10,10.73,95.19,169.29,2
14,F07,L_T40 (0.75) ,96.10,8.15,86.29,153.45,2
14,F08,L_T40 (0.75) ,96.10,6.19,81.31,144.60,2
14,F09,L_T40 (2.0) ,96.10,15.32,78.64,139.85,2
14,F10,L_T40 (2.0) ,96.10,11.86,83.62,148.71,2
14,F11,L_T40 (4.0) ,96.10,6.72,60.13,106.93,2
14,F12,L_T40 (4.0) ,96.10,-12.22,73.07,129.94,2
14,G01,L_T40 (1.0) ,96.10,18.76,4.61,8.20,2
14,G02,L_T40 (1.0) ,96.10,14.28,5.68,10.10,2
14,G03,L_T40 (0.25) ,96.10,17.28,5.78,10.29,2
14,G04,L_T40 (0.25) ,96.10,-3.33,7.13,12.69,2
14,G05,L_T40 (0.5) ,96.10,-1.32,5.44,9.68,2
14,G06,L_T40 (0.5) ,96.10,4.20,5.88,10.46,2
14,G07,L_T40 (0.75) ,96.10,-0.16,5.61,9.98,2
14,G08,L_T40 (0.75) ,96.10,-3.50,7.17,12.76,2
14,G09,L_T40 (2.0) ,96.10,-0.36,4.64,8.25,2
14,G10,L_T40 (2.0) ,96.10,-1.36,4.97,8.83,2
14,G11,L_T40 (4.0) ,96.10,4.09,4.58,8.14,2
14,G12,L_T40 (4.0) ,96.10,5.16,5.42,9.63,2
14,H01,Background,96.10,0.00,0.00,0.00,
14,H02,L_T (1.0),96.10,22.17,11.91,21.18,7
14,H03,ERROR,96.10,46.10,9.98,17.74,7
14,H04,L_T (0.25),96.10,10.68,13.81,24.55,7
14,H05,L_T (0.5),96.10,15.17,12.53,22.29,7
14,H06,L_T (0.5),96.10,21.46,24.28,43.18,7
14,H07,L_T (0.75),96.10,16.50,21.32,37.91,7
14,H08,L_T (0.75),96.10,14.64,22.36,39.77,7
14,H09,L_T (2.0),96.10,55.06,18.67,33.21,5.88
14,H10,L_T (2.0),96.10,47.64,20.33,36.16,5.88
14,H11,L_T (4.0),96.10,43.33,16.37,29.11,5.04
14,H12,Background,96.10,0.00,0.00,0.00,
